user_id,target_id,endpoint,parameter,url,method,status_code,response_length,sensitive_data_found,has_auth_header,self_access,is_unauthorized
52,107,/profile?id=,id=107,http://localhost/profile?id=107,GET,404,181,0,1,0,0
4,88,/api/users/,id=88,http://localhost/api/users/88,GET,200,2329,1,0,0,1
18,18,/admin/user/,id=18,http://localhost/admin/user/18,GET,200,2507,1,1,1,0
166,166,/account//settings,id=166,http://localhost/account/166/settings,GET,200,1074,1,1,1,0
46,46,/profile?id=,id=46,http://localhost/profile?id=46,GET,200,1860,0,1,1,0
196,25,/account//settings,id=25,http://localhost/account/25/settings,GET,404,130,0,1,0,0
102,102,/admin/user/,id=102,http://localhost/admin/user/102,GET,200,1678,0,1,1,0
40,74,/account//settings,id=74,http://localhost/account/74/settings,GET,200,693,1,0,0,1
111,111,/account//settings,id=111,http://localhost/account/111/settings,GET,200,1322,0,1,1,0
38,34,/admin/user/,id=34,http://localhost/admin/user/34,GET,200,2740,1,0,0,1
188,50,/user/profile,id=50,http://localhost/user/profile,GET,200,1867,1,0,0,1
81,81,/documents//view,id=81,http://localhost/documents/81/view,GET,200,1786,1,1,1,0
170,170,/api/users/,id=170,http://localhost/api/users/170,GET,200,938,0,1,1,0
188,148,/profile?id=,id=148,http://localhost/profile?id=148,GET,200,629,1,1,0,1
40,40,/account//settings,id=40,http://localhost/account/40/settings,GET,200,1178,0,1,1,0
45,45,/orders/,id=45,http://localhost/orders/45,GET,200,1998,0,1,1,0
153,153,/orders/,id=153,http://localhost/orders/153,GET,200,1650,1,1,1,0
157,67,/account//settings,id=67,http://localhost/account/67/settings,GET,200,1371,1,1,0,1
43,47,/profile?id=,id=47,http://localhost/profile?id=47,GET,200,1047,1,1,0,1
151,151,/account//settings,id=151,http://localhost/account/151/settings,GET,200,2477,1,1,1,0
185,185,/api/v1/accounts/,id=185,http://localhost/api/v1/accounts/185,GET,200,2720,0,1,1,0
32,32,/admin/user/,id=32,http://localhost/admin/user/32,GET,200,1547,0,1,1,0
109,109,/api/users/,id=109,http://localhost/api/users/109,GET,200,2282,0,1,1,0
171,171,/orders/,id=171,http://localhost/orders/171,GET,200,2940,0,1,1,0
5,5,/api/users/,id=5,http://localhost/api/users/5,GET,200,1496,0,1,1,0
100,100,/api/users/,id=100,http://localhost/api/users/100,GET,200,2327,1,1,1,0
19,19,/account//settings,id=19,http://localhost/account/19/settings,GET,200,1858,1,1,1,0
59,59,/account//settings,id=59,http://localhost/account/59/settings,GET,200,2314,0,1,1,0
170,170,/profile?id=,id=170,http://localhost/profile?id=170,GET,200,775,1,1,1,0
52,52,/admin/user/,id=52,http://localhost/admin/user/52,POST,200,2374,1,1,1,0
15,15,/user/profile,id=15,http://localhost/user/profile,GET,404,161,0,1,1,0
101,157,/user/profile,id=157,http://localhost/user/profile,GET,200,2249,1,1,0,1
169,169,/documents//view,id=169,http://localhost/documents/169/view,GET,200,1992,0,1,1,0
66,49,/user/profile,id=49,http://localhost/user/profile,GET,200,429,1,0,0,1
134,134,/orders/,id=134,http://localhost/orders/134,POST,200,749,0,1,1,0
163,163,/api/users/,id=163,http://localhost/api/users/163,POST,200,2549,1,1,1,0
30,30,/user/profile,id=30,http://localhost/user/profile,GET,200,1173,0,1,1,0
45,45,/documents//view,id=45,http://localhost/documents/45/view,POST,200,501,0,1,1,0
77,77,/documents//view,id=77,http://localhost/documents/77/view,GET,200,2502,0,1,1,0
52,52,/orders/,id=52,http://localhost/orders/52,GET,200,1043,0,1,1,0
5,123,/documents//view,id=123,http://localhost/documents/123/view,GET,403,140,0,1,0,0
71,71,/user/profile,id=71,http://localhost/user/profile,GET,404,154,0,1,1,0
164,70,/profile?id=,id=70,http://localhost/profile?id=70,GET,403,121,0,1,0,0
187,187,/orders/,id=187,http://localhost/orders/187,GET,200,1722,0,1,1,0
80,86,/orders/,id=86,http://localhost/orders/86,GET,200,2585,1,0,0,1
57,57,/orders/,id=57,http://localhost/orders/57,GET,200,2363,0,1,1,0
90,90,/api/users/,id=90,http://localhost/api/users/90,GET,200,2109,0,1,1,0
79,79,/orders/,id=79,http://localhost/orders/79,GET,200,2823,0,1,1,0
153,153,/user/profile,id=153,http://localhost/user/profile,GET,200,2890,0,1,1,0
121,121,/orders/,id=121,http://localhost/orders/121,GET,200,2836,0,1,1,0
95,21,/user/profile,id=21,http://localhost/user/profile,GET,200,2041,1,1,0,1
91,42,/orders/,id=42,http://localhost/orders/42,GET,403,62,0,0,0,0
107,107,/account//settings,id=107,http://localhost/account/107/settings,POST,200,1332,0,1,1,0
117,117,/documents//view,id=117,http://localhost/documents/117/view,GET,200,2479,1,1,1,0
149,124,/profile?id=,id=124,http://localhost/profile?id=124,GET,404,171,0,0,0,0
3,3,/documents//view,id=3,http://localhost/documents/3/view,GET,200,1872,1,1,1,0
169,75,/user/profile,id=75,http://localhost/user/profile,GET,200,737,1,0,0,1
87,128,/admin/user/,id=128,http://localhost/admin/user/128,GET,403,128,0,1,0,0
66,168,/profile?id=,id=168,http://localhost/profile?id=168,GET,200,1390,1,0,0,1
149,149,/profile?id=,id=149,http://localhost/profile?id=149,GET,200,1851,1,1,1,0
39,39,/account//settings,id=39,http://localhost/account/39/settings,GET,200,1804,1,1,1,0
10,10,/api/users/,id=10,http://localhost/api/users/10,GET,200,1677,0,1,1,0
114,114,/profile?id=,id=114,http://localhost/profile?id=114,GET,200,2598,1,1,1,0
150,150,/user/profile,id=150,http://localhost/user/profile,POST,200,1940,1,1,1,0
161,161,/user/profile,id=161,http://localhost/user/profile,GET,200,636,0,1,1,0
61,170,/api/v1/accounts/,id=170,http://localhost/api/v1/accounts/170,GET,200,1085,1,0,0,1
163,163,/documents//view,id=163,http://localhost/documents/163/view,POST,200,708,1,1,1,0
148,148,/profile?id=,id=148,http://localhost/profile?id=148,POST,200,2701,0,1,1,0
13,13,/profile?id=,id=13,http://localhost/profile?id=13,POST,200,1977,1,1,1,0
173,173,/api/users/,id=173,http://localhost/api/users/173,GET,200,510,1,1,1,0
88,88,/api/v1/accounts/,id=88,http://localhost/api/v1/accounts/88,GET,200,1926,0,1,1,0
27,27,/account//settings,id=27,http://localhost/account/27/settings,GET,200,2529,1,1,1,0
29,147,/api/users/,id=147,http://localhost/api/users/147,GET,404,177,0,0,0,0
29,29,/api/users/,id=29,http://localhost/api/users/29,GET,200,2012,0,1,1,0
143,143,/orders/,id=143,http://localhost/orders/143,GET,200,2403,0,1,1,0
111,111,/profile?id=,id=111,http://localhost/profile?id=111,GET,200,1308,0,1,1,0
13,13,/admin/user/,id=13,http://localhost/admin/user/13,GET,200,2812,1,1,1,0
11,11,/admin/user/,id=11,http://localhost/admin/user/11,GET,200,921,0,1,1,0
148,195,/documents//view,id=195,http://localhost/documents/195/view,GET,200,1259,1,1,0,1
90,112,/profile?id=,id=112,http://localhost/profile?id=112,GET,200,893,0,0,0,1
8,152,/user/profile,id=152,http://localhost/user/profile,GET,403,96,0,1,0,0
44,44,/api/v1/accounts/,id=44,http://localhost/api/v1/accounts/44,GET,404,77,1,1,1,0
6,198,/documents//view,id=198,http://localhost/documents/198/view,GET,200,2494,0,0,0,1
177,177,/account//settings,id=177,http://localhost/account/177/settings,GET,200,2483,1,1,1,0
49,49,/profile?id=,id=49,http://localhost/profile?id=49,GET,200,1718,1,1,1,0
139,58,/user/profile,id=58,http://localhost/user/profile,GET,200,2374,1,0,0,1
45,166,/api/users/,id=166,http://localhost/api/users/166,GET,403,67,0,1,0,0
138,138,/api/users/,id=138,http://localhost/api/users/138,POST,200,1573,0,1,1,0
99,170,/orders/,id=170,http://localhost/orders/170,GET,200,1997,1,0,0,1
156,156,/orders/,id=156,http://localhost/orders/156,GET,200,1326,0,1,1,0
16,16,/orders/,id=16,http://localhost/orders/16,GET,200,2140,0,1,1,0
177,177,/account//settings,id=177,http://localhost/account/177/settings,GET,200,1622,1,1,1,0
200,200,/account//settings,id=200,http://localhost/account/200/settings,GET,200,726,0,1,1,0
16,16,/user/profile,id=16,http://localhost/user/profile,GET,200,698,0,1,1,0
169,196,/account//settings,id=196,http://localhost/account/196/settings,GET,200,1154,0,1,0,1
193,193,/api/v1/accounts/,id=193,http://localhost/api/v1/accounts/193,GET,200,1917,0,1,1,0
41,41,/profile?id=,id=41,http://localhost/profile?id=41,POST,200,1213,0,1,1,0
105,114,/api/users/,id=114,http://localhost/api/users/114,GET,200,426,1,0,0,1
54,54,/profile?id=,id=54,http://localhost/profile?id=54,GET,200,2734,1,1,1,0
190,190,/api/users/,id=190,http://localhost/api/users/190,GET,200,1583,0,1,1,0
154,154,/user/profile,id=154,http://localhost/user/profile,GET,200,1751,0,1,1,0
113,113,/api/v1/accounts/,id=113,http://localhost/api/v1/accounts/113,GET,404,111,0,1,1,0
87,141,/user/profile,id=141,http://localhost/user/profile,GET,200,421,1,0,0,1
193,193,/orders/,id=193,http://localhost/orders/193,GET,200,2635,0,1,1,0
111,198,/account//settings,id=198,http://localhost/account/198/settings,GET,200,2713,1,0,0,1
113,3,/orders/,id=3,http://localhost/orders/3,GET,200,2522,0,1,0,1
82,155,/user/profile,id=155,http://localhost/user/profile,GET,404,151,0,0,0,0
140,2,/api/v1/accounts/,id=2,http://localhost/api/v1/accounts/2,GET,200,2348,1,1,0,1
170,63,/orders/,id=63,http://localhost/orders/63,GET,403,132,0,1,0,0
96,10,/orders/,id=10,http://localhost/orders/10,GET,200,2217,0,0,0,1
4,4,/orders/,id=4,http://localhost/orders/4,GET,200,980,0,1,1,0
58,9,/profile?id=,id=9,http://localhost/profile?id=9,GET,200,461,0,1,0,1
192,192,/api/users/,id=192,http://localhost/api/users/192,POST,200,911,0,1,1,0
95,45,/documents//view,id=45,http://localhost/documents/45/view,GET,200,1367,0,1,0,1
75,75,/admin/user/,id=75,http://localhost/admin/user/75,GET,200,974,1,1,1,0
35,26,/profile?id=,id=26,http://localhost/profile?id=26,GET,200,464,0,1,0,1
119,119,/documents//view,id=119,http://localhost/documents/119/view,POST,200,2214,0,1,1,0
96,96,/profile?id=,id=96,http://localhost/profile?id=96,GET,200,2187,0,1,1,0
156,50,/api/v1/accounts/,id=50,http://localhost/api/v1/accounts/50,GET,200,2754,0,0,0,1
123,123,/profile?id=,id=123,http://localhost/profile?id=123,POST,200,2508,0,1,1,0
170,170,/profile?id=,id=170,http://localhost/profile?id=170,GET,200,1821,1,1,1,0
187,131,/account//settings,id=131,http://localhost/account/131/settings,GET,200,1958,1,0,0,1
18,4,/profile?id=,id=4,http://localhost/profile?id=4,GET,200,825,1,1,0,1
76,110,/documents//view,id=110,http://localhost/documents/110/view,GET,403,150,0,0,0,0
63,63,/admin/user/,id=63,http://localhost/admin/user/63,POST,200,2109,0,1,1,0
119,125,/profile?id=,id=125,http://localhost/profile?id=125,GET,404,59,0,0,0,0
121,121,/api/users/,id=121,http://localhost/api/users/121,GET,404,190,0,1,1,0
69,69,/account//settings,id=69,http://localhost/account/69/settings,GET,404,128,0,1,1,0
165,165,/profile?id=,id=165,http://localhost/profile?id=165,GET,200,1050,0,1,1,0
174,174,/orders/,id=174,http://localhost/orders/174,GET,200,890,0,1,1,0
146,146,/user/profile,id=146,http://localhost/user/profile,GET,200,2019,0,1,1,0
17,94,/orders/,id=94,http://localhost/orders/94,GET,404,101,0,1,0,0
12,12,/user/profile,id=12,http://localhost/user/profile,GET,200,2440,0,1,1,0
25,25,/profile?id=,id=25,http://localhost/profile?id=25,GET,200,2968,0,1,1,0
86,158,/api/v1/accounts/,id=158,http://localhost/api/v1/accounts/158,GET,200,614,1,0,0,1
195,195,/user/profile,id=195,http://localhost/user/profile,GET,200,1198,0,1,1,0
184,184,/profile?id=,id=184,http://localhost/profile?id=184,GET,200,1302,1,1,1,0
198,198,/api/users/,id=198,http://localhost/api/users/198,GET,200,556,1,1,1,0
36,36,/api/users/,id=36,http://localhost/api/users/36,POST,200,2258,0,1,1,0
77,130,/admin/user/,id=130,http://localhost/admin/user/130,GET,200,866,0,1,0,1
79,7,/profile?id=,id=7,http://localhost/profile?id=7,GET,403,107,0,1,0,0
41,41,/api/users/,id=41,http://localhost/api/users/41,POST,200,2477,0,1,1,0
183,183,/profile?id=,id=183,http://localhost/profile?id=183,GET,200,2809,1,1,1,0
128,128,/api/v1/accounts/,id=128,http://localhost/api/v1/accounts/128,GET,200,2537,0,1,1,0
54,108,/admin/user/,id=108,http://localhost/admin/user/108,GET,200,2040,1,1,0,1
37,37,/api/users/,id=37,http://localhost/api/users/37,GET,200,2030,0,1,1,0
121,121,/api/v1/accounts/,id=121,http://localhost/api/v1/accounts/121,GET,200,2182,0,1,1,0
83,83,/user/profile,id=83,http://localhost/user/profile,GET,200,2845,0,1,1,0
175,175,/profile?id=,id=175,http://localhost/profile?id=175,GET,200,1117,1,1,1,0
72,72,/api/users/,id=72,http://localhost/api/users/72,GET,404,102,0,1,1,0
184,110,/admin/user/,id=110,http://localhost/admin/user/110,GET,404,145,0,0,0,0
185,185,/profile?id=,id=185,http://localhost/profile?id=185,GET,200,1492,1,1,1,0
134,2,/profile?id=,id=2,http://localhost/profile?id=2,GET,200,1693,1,1,0,1
159,159,/user/profile,id=159,http://localhost/user/profile,GET,200,2236,0,1,1,0
153,30,/documents//view,id=30,http://localhost/documents/30/view,GET,200,1688,1,0,0,1
84,84,/orders/,id=84,http://localhost/orders/84,POST,200,2504,0,1,1,0
41,41,/profile?id=,id=41,http://localhost/profile?id=41,POST,200,1316,0,1,1,0
188,188,/api/users/,id=188,http://localhost/api/users/188,GET,200,1943,0,1,1,0
96,132,/user/profile,id=132,http://localhost/user/profile,GET,404,91,0,0,0,0
25,25,/profile?id=,id=25,http://localhost/profile?id=25,GET,200,1888,0,1,1,0
147,192,/user/profile,id=192,http://localhost/user/profile,GET,404,168,0,0,0,0
87,173,/api/v1/accounts/,id=173,http://localhost/api/v1/accounts/173,GET,200,545,0,0,0,1
36,10,/orders/,id=10,http://localhost/orders/10,GET,200,1376,1,1,0,1
114,114,/admin/user/,id=114,http://localhost/admin/user/114,POST,404,140,0,1,1,0
165,165,/account//settings,id=165,http://localhost/account/165/settings,GET,200,2978,0,1,1,0
191,141,/api/users/,id=141,http://localhost/api/users/141,GET,200,1623,1,0,0,1
56,56,/api/v1/accounts/,id=56,http://localhost/api/v1/accounts/56,GET,200,1187,0,1,1,0
177,200,/api/v1/accounts/,id=200,http://localhost/api/v1/accounts/200,GET,200,2320,1,1,0,1
16,92,/account//settings,id=92,http://localhost/account/92/settings,GET,200,839,1,0,0,1
49,49,/api/users/,id=49,http://localhost/api/users/49,GET,200,1951,0,1,1,0
129,89,/profile?id=,id=89,http://localhost/profile?id=89,GET,200,1115,0,1,0,1
60,58,/account//settings,id=58,http://localhost/account/58/settings,GET,200,1456,0,1,0,1
137,137,/admin/user/,id=137,http://localhost/admin/user/137,GET,200,1582,0,1,1,0
25,25,/user/profile,id=25,http://localhost/user/profile,GET,200,2212,1,1,1,0
22,22,/api/users/,id=22,http://localhost/api/users/22,POST,404,145,0,1,1,0
175,175,/profile?id=,id=175,http://localhost/profile?id=175,GET,200,1105,0,1,1,0
127,127,/api/users/,id=127,http://localhost/api/users/127,GET,200,2701,1,1,1,0
28,9,/user/profile,id=9,http://localhost/user/profile,GET,404,80,0,1,0,0
8,8,/profile?id=,id=8,http://localhost/profile?id=8,GET,200,2156,0,1,1,0
68,159,/account//settings,id=159,http://localhost/account/159/settings,GET,200,1996,1,1,0,1
179,136,/profile?id=,id=136,http://localhost/profile?id=136,GET,200,2374,1,1,0,1
199,159,/orders/,id=159,http://localhost/orders/159,GET,200,659,1,1,0,1
80,80,/admin/user/,id=80,http://localhost/admin/user/80,GET,200,1137,1,1,1,0
107,178,/api/v1/accounts/,id=178,http://localhost/api/v1/accounts/178,GET,200,1244,1,0,0,1
89,89,/profile?id=,id=89,http://localhost/profile?id=89,GET,200,2609,0,1,1,0
192,193,/orders/,id=193,http://localhost/orders/193,GET,200,1997,1,1,0,1
78,78,/orders/,id=78,http://localhost/orders/78,POST,200,2520,0,1,1,0
182,15,/documents//view,id=15,http://localhost/documents/15/view,GET,200,688,1,1,0,1
119,119,/orders/,id=119,http://localhost/orders/119,POST,200,1263,0,1,1,0
52,52,/account//settings,id=52,http://localhost/account/52/settings,GET,200,1173,0,1,1,0
125,50,/api/users/,id=50,http://localhost/api/users/50,GET,200,1991,1,1,0,1
110,110,/account//settings,id=110,http://localhost/account/110/settings,GET,200,1407,0,1,1,0
180,180,/api/users/,id=180,http://localhost/api/users/180,GET,200,1502,1,1,1,0
147,103,/orders/,id=103,http://localhost/orders/103,GET,200,1729,1,1,0,1
93,93,/documents//view,id=93,http://localhost/documents/93/view,GET,200,1177,1,1,1,0
171,171,/documents//view,id=171,http://localhost/documents/171/view,GET,200,2442,1,1,1,0
106,106,/orders/,id=106,http://localhost/orders/106,GET,200,942,0,1,1,0
74,161,/account//settings,id=161,http://localhost/account/161/settings,GET,200,938,1,0,0,1
14,43,/api/v1/accounts/,id=43,http://localhost/api/v1/accounts/43,GET,200,1634,1,1,0,1
196,196,/api/users/,id=196,http://localhost/api/users/196,GET,200,2130,0,1,1,0
140,121,/account//settings,id=121,http://localhost/account/121/settings,GET,200,1424,1,1,0,1
1,160,/documents//view,id=160,http://localhost/documents/160/view,GET,200,2438,1,1,0,1
16,16,/documents//view,id=16,http://localhost/documents/16/view,GET,200,632,0,1,1,0
119,44,/documents//view,id=44,http://localhost/documents/44/view,GET,200,2753,0,0,0,1
34,48,/user/profile,id=48,http://localhost/user/profile,GET,200,1493,0,0,0,1
57,57,/admin/user/,id=57,http://localhost/admin/user/57,GET,404,79,0,1,1,0
59,64,/documents//view,id=64,http://localhost/documents/64/view,GET,200,917,1,0,0,1
55,55,/account//settings,id=55,http://localhost/account/55/settings,GET,200,2965,0,1,1,0
123,123,/api/v1/accounts/,id=123,http://localhost/api/v1/accounts/123,GET,200,2183,1,1,1,0
40,68,/documents//view,id=68,http://localhost/documents/68/view,GET,404,81,0,1,0,0
105,94,/api/users/,id=94,http://localhost/api/users/94,GET,404,85,0,0,0,0
135,44,/user/profile,id=44,http://localhost/user/profile,GET,200,1861,1,1,0,1
187,187,/api/v1/accounts/,id=187,http://localhost/api/v1/accounts/187,GET,200,1693,0,1,1,0
185,129,/api/users/,id=129,http://localhost/api/users/129,GET,200,2797,1,0,0,1
70,106,/api/users/,id=106,http://localhost/api/users/106,GET,200,1373,1,1,0,1
200,200,/user/profile,id=200,http://localhost/user/profile,GET,200,2007,0,1,1,0
187,187,/orders/,id=187,http://localhost/orders/187,POST,200,2076,1,1,1,0
132,132,/account//settings,id=132,http://localhost/account/132/settings,POST,404,106,0,1,1,0
176,176,/documents//view,id=176,http://localhost/documents/176/view,GET,200,2292,0,1,1,0
183,183,/user/profile,id=183,http://localhost/user/profile,GET,200,2339,1,1,1,0
136,56,/orders/,id=56,http://localhost/orders/56,GET,404,93,0,0,0,0
146,174,/documents//view,id=174,http://localhost/documents/174/view,GET,200,2180,0,1,0,1
90,57,/documents//view,id=57,http://localhost/documents/57/view,GET,200,539,1,0,0,1
157,14,/admin/user/,id=14,http://localhost/admin/user/14,GET,200,444,1,1,0,1
19,19,/user/profile,id=19,http://localhost/user/profile,GET,200,2483,0,1,1,0
39,39,/user/profile,id=39,http://localhost/user/profile,GET,200,2543,0,1,1,0
38,190,/account//settings,id=190,http://localhost/account/190/settings,GET,200,439,1,0,0,1
86,86,/admin/user/,id=86,http://localhost/admin/user/86,GET,200,1447,0,1,1,0
135,135,/account//settings,id=135,http://localhost/account/135/settings,GET,200,1658,0,1,1,0
76,76,/documents//view,id=76,http://localhost/documents/76/view,POST,404,94,0,1,1,0
165,165,/api/v1/accounts/,id=165,http://localhost/api/v1/accounts/165,GET,200,2417,1,1,1,0
146,146,/documents//view,id=146,http://localhost/documents/146/view,POST,200,1745,0,1,1,0
68,46,/api/v1/accounts/,id=46,http://localhost/api/v1/accounts/46,GET,200,1221,1,1,0,1
101,101,/orders/,id=101,http://localhost/orders/101,POST,200,1280,0,1,1,0
49,143,/profile?id=,id=143,http://localhost/profile?id=143,GET,200,1875,0,1,0,1
106,106,/account//settings,id=106,http://localhost/account/106/settings,GET,404,88,1,1,1,0
141,124,/account//settings,id=124,http://localhost/account/124/settings,GET,200,475,1,1,0,1
113,113,/profile?id=,id=113,http://localhost/profile?id=113,GET,200,2519,0,1,1,0
192,191,/orders/,id=191,http://localhost/orders/191,GET,404,105,0,0,0,0
86,126,/profile?id=,id=126,http://localhost/profile?id=126,GET,200,475,1,1,0,1
10,10,/profile?id=,id=10,http://localhost/profile?id=10,POST,200,1685,0,1,1,0
64,64,/api/v1/accounts/,id=64,http://localhost/api/v1/accounts/64,GET,200,1054,0,1,1,0
179,179,/profile?id=,id=179,http://localhost/profile?id=179,POST,200,1104,0,1,1,0
150,170,/user/profile,id=170,http://localhost/user/profile,GET,200,646,1,1,0,1
14,14,/orders/,id=14,http://localhost/orders/14,GET,200,2541,0,1,1,0
90,90,/profile?id=,id=90,http://localhost/profile?id=90,GET,200,2867,0,1,1,0
133,133,/admin/user/,id=133,http://localhost/admin/user/133,POST,200,1714,0,1,1,0
134,187,/api/v1/accounts/,id=187,http://localhost/api/v1/accounts/187,GET,200,1136,1,0,0,1
138,138,/admin/user/,id=138,http://localhost/admin/user/138,GET,200,1569,1,1,1,0
80,80,/user/profile,id=80,http://localhost/user/profile,POST,404,79,0,1,1,0
104,104,/user/profile,id=104,http://localhost/user/profile,GET,200,1387,0,1,1,0
12,12,/orders/,id=12,http://localhost/orders/12,GET,404,191,0,1,1,0
152,152,/account//settings,id=152,http://localhost/account/152/settings,POST,200,692,0,1,1,0
195,195,/user/profile,id=195,http://localhost/user/profile,GET,200,1036,0,1,1,0
191,164,/documents//view,id=164,http://localhost/documents/164/view,GET,200,1169,1,0,0,1
153,47,/api/v1/accounts/,id=47,http://localhost/api/v1/accounts/47,GET,200,760,1,1,0,1
145,145,/api/v1/accounts/,id=145,http://localhost/api/v1/accounts/145,GET,200,1794,1,1,1,0
162,162,/api/users/,id=162,http://localhost/api/users/162,GET,200,807,1,1,1,0
103,103,/api/v1/accounts/,id=103,http://localhost/api/v1/accounts/103,POST,200,1265,0,1,1,0
146,132,/profile?id=,id=132,http://localhost/profile?id=132,GET,404,55,0,1,0,0
185,185,/documents//view,id=185,http://localhost/documents/185/view,GET,200,1600,0,1,1,0
105,105,/account//settings,id=105,http://localhost/account/105/settings,GET,200,2221,0,1,1,0
159,24,/user/profile,id=24,http://localhost/user/profile,GET,200,1288,0,0,0,1
177,177,/api/v1/accounts/,id=177,http://localhost/api/v1/accounts/177,GET,200,552,0,1,1,0
19,19,/admin/user/,id=19,http://localhost/admin/user/19,GET,200,2632,1,1,1,0
162,25,/api/v1/accounts/,id=25,http://localhost/api/v1/accounts/25,GET,200,1464,1,1,0,1
140,140,/profile?id=,id=140,http://localhost/profile?id=140,GET,200,2062,0,1,1,0
64,64,/user/profile,id=64,http://localhost/user/profile,POST,404,142,0,1,1,0
10,24,/documents//view,id=24,http://localhost/documents/24/view,GET,200,1952,1,0,0,1
114,114,/user/profile,id=114,http://localhost/user/profile,GET,200,993,0,1,1,0
147,147,/orders/,id=147,http://localhost/orders/147,GET,200,1410,0,1,1,0
173,54,/profile?id=,id=54,http://localhost/profile?id=54,GET,200,1732,1,1,0,1
85,85,/documents//view,id=85,http://localhost/documents/85/view,GET,200,2754,0,1,1,0
192,28,/admin/user/,id=28,http://localhost/admin/user/28,GET,200,2149,1,0,0,1
142,142,/documents//view,id=142,http://localhost/documents/142/view,GET,200,2685,1,1,1,0
125,125,/account//settings,id=125,http://localhost/account/125/settings,GET,200,739,0,1,1,0
55,55,/account//settings,id=55,http://localhost/account/55/settings,POST,200,2437,0,1,1,0
157,157,/documents//view,id=157,http://localhost/documents/157/view,POST,200,1479,0,1,1,0
190,190,/orders/,id=190,http://localhost/orders/190,GET,200,1855,0,1,1,0
103,103,/user/profile,id=103,http://localhost/user/profile,POST,404,114,0,1,1,0
174,172,/api/users/,id=172,http://localhost/api/users/172,GET,404,99,0,1,0,0
190,14,/orders/,id=14,http://localhost/orders/14,GET,200,1004,0,1,0,1
115,115,/documents//view,id=115,http://localhost/documents/115/view,GET,200,1153,0,1,1,0
4,54,/api/v1/accounts/,id=54,http://localhost/api/v1/accounts/54,GET,200,727,0,1,0,1
104,104,/profile?id=,id=104,http://localhost/profile?id=104,POST,200,654,0,1,1,0
87,189,/profile?id=,id=189,http://localhost/profile?id=189,GET,200,2759,1,0,0,1
150,150,/profile?id=,id=150,http://localhost/profile?id=150,GET,200,2230,0,1,1,0
78,2,/documents//view,id=2,http://localhost/documents/2/view,GET,200,1279,0,1,0,1
192,151,/api/v1/accounts/,id=151,http://localhost/api/v1/accounts/151,GET,200,1153,1,0,0,1
62,139,/api/users/,id=139,http://localhost/api/users/139,GET,404,198,0,0,0,0
114,114,/api/v1/accounts/,id=114,http://localhost/api/v1/accounts/114,GET,404,57,0,1,1,0
20,167,/documents//view,id=167,http://localhost/documents/167/view,GET,404,160,0,1,0,0
91,91,/api/v1/accounts/,id=91,http://localhost/api/v1/accounts/91,GET,200,1718,0,1,1,0
44,6,/admin/user/,id=6,http://localhost/admin/user/6,GET,403,108,0,1,0,0
154,154,/api/users/,id=154,http://localhost/api/users/154,GET,200,2254,0,1,1,0
125,77,/documents//view,id=77,http://localhost/documents/77/view,GET,200,2725,1,0,0,1
129,129,/user/profile,id=129,http://localhost/user/profile,GET,200,2612,0,1,1,0
31,55,/api/v1/accounts/,id=55,http://localhost/api/v1/accounts/55,GET,200,2597,0,0,0,1
128,96,/api/v1/accounts/,id=96,http://localhost/api/v1/accounts/96,GET,200,529,1,1,0,1
181,74,/user/profile,id=74,http://localhost/user/profile,GET,403,91,0,1,0,0
25,10,/api/v1/accounts/,id=10,http://localhost/api/v1/accounts/10,GET,200,966,1,1,0,1
91,76,/documents//view,id=76,http://localhost/documents/76/view,GET,200,1645,1,1,0,1
74,74,/api/users/,id=74,http://localhost/api/users/74,GET,200,2576,0,1,1,0
61,154,/api/users/,id=154,http://localhost/api/users/154,GET,404,134,0,1,0,0
165,165,/orders/,id=165,http://localhost/orders/165,GET,200,1814,0,1,1,0
125,102,/orders/,id=102,http://localhost/orders/102,GET,200,2547,1,0,0,1
164,52,/documents//view,id=52,http://localhost/documents/52/view,GET,200,677,1,1,0,1
12,12,/profile?id=,id=12,http://localhost/profile?id=12,GET,200,2705,0,1,1,0
190,190,/orders/,id=190,http://localhost/orders/190,GET,200,1852,0,1,1,0
177,153,/account//settings,id=153,http://localhost/account/153/settings,GET,200,766,1,0,0,1
111,111,/api/users/,id=111,http://localhost/api/users/111,GET,200,2929,0,1,1,0
9,9,/admin/user/,id=9,http://localhost/admin/user/9,POST,200,1364,0,1,1,0
185,185,/admin/user/,id=185,http://localhost/admin/user/185,GET,200,2841,0,1,1,0
190,150,/user/profile,id=150,http://localhost/user/profile,GET,404,147,0,0,0,0
41,41,/admin/user/,id=41,http://localhost/admin/user/41,GET,200,1152,0,1,1,0
102,102,/admin/user/,id=102,http://localhost/admin/user/102,POST,200,1849,0,1,1,0
189,62,/documents//view,id=62,http://localhost/documents/62/view,GET,200,1230,1,0,0,1
193,191,/orders/,id=191,http://localhost/orders/191,GET,404,140,0,1,0,0
85,85,/api/v1/accounts/,id=85,http://localhost/api/v1/accounts/85,POST,200,1751,0,1,1,0
125,131,/documents//view,id=131,http://localhost/documents/131/view,GET,403,148,0,1,0,0
199,174,/profile?id=,id=174,http://localhost/profile?id=174,GET,200,1917,1,0,0,1
5,128,/account//settings,id=128,http://localhost/account/128/settings,GET,200,403,1,0,0,1
189,189,/admin/user/,id=189,http://localhost/admin/user/189,GET,200,1940,0,1,1,0
184,184,/account//settings,id=184,http://localhost/account/184/settings,GET,200,1224,0,1,1,0
75,136,/api/users/,id=136,http://localhost/api/users/136,GET,403,148,0,0,0,0
122,122,/user/profile,id=122,http://localhost/user/profile,GET,200,1089,0,1,1,0
67,138,/profile?id=,id=138,http://localhost/profile?id=138,GET,200,1528,1,1,0,1
113,113,/user/profile,id=113,http://localhost/user/profile,GET,404,143,0,1,1,0
158,148,/api/v1/accounts/,id=148,http://localhost/api/v1/accounts/148,GET,200,1696,1,1,0,1
172,172,/profile?id=,id=172,http://localhost/profile?id=172,GET,404,129,1,1,1,0
84,84,/profile?id=,id=84,http://localhost/profile?id=84,GET,200,2088,0,1,1,0
56,56,/orders/,id=56,http://localhost/orders/56,GET,200,2732,0,1,1,0
12,12,/api/v1/accounts/,id=12,http://localhost/api/v1/accounts/12,GET,200,2050,1,1,1,0
182,182,/documents//view,id=182,http://localhost/documents/182/view,POST,200,2008,0,1,1,0
113,67,/admin/user/,id=67,http://localhost/admin/user/67,GET,403,76,0,0,0,0
69,69,/api/users/,id=69,http://localhost/api/users/69,GET,200,2185,0,1,1,0
122,158,/user/profile,id=158,http://localhost/user/profile,GET,200,2576,0,0,0,1
137,137,/orders/,id=137,http://localhost/orders/137,GET,404,60,0,1,1,0
118,78,/account//settings,id=78,http://localhost/account/78/settings,GET,404,93,0,1,0,0
133,133,/api/v1/accounts/,id=133,http://localhost/api/v1/accounts/133,GET,200,762,0,1,1,0
99,116,/admin/user/,id=116,http://localhost/admin/user/116,GET,404,163,0,1,0,0
188,188,/admin/user/,id=188,http://localhost/admin/user/188,GET,200,1086,0,1,1,0
139,179,/api/v1/accounts/,id=179,http://localhost/api/v1/accounts/179,GET,200,1164,1,1,0,1
162,157,/profile?id=,id=157,http://localhost/profile?id=157,GET,200,692,0,0,0,1
176,176,/account//settings,id=176,http://localhost/account/176/settings,POST,200,962,0,1,1,0
195,195,/profile?id=,id=195,http://localhost/profile?id=195,POST,200,1600,0,1,1,0
183,153,/user/profile,id=153,http://localhost/user/profile,GET,200,1117,0,1,0,1
144,144,/admin/user/,id=144,http://localhost/admin/user/144,GET,200,1218,0,1,1,0
185,114,/admin/user/,id=114,http://localhost/admin/user/114,GET,200,1734,1,0,0,1
70,70,/api/v1/accounts/,id=70,http://localhost/api/v1/accounts/70,POST,200,2765,0,1,1,0
158,158,/admin/user/,id=158,http://localhost/admin/user/158,GET,200,1267,0,1,1,0
145,145,/user/profile,id=145,http://localhost/user/profile,GET,404,197,1,1,1,0
33,33,/api/v1/accounts/,id=33,http://localhost/api/v1/accounts/33,GET,200,2984,0,1,1,0
164,164,/profile?id=,id=164,http://localhost/profile?id=164,POST,200,855,0,1,1,0
56,56,/api/v1/accounts/,id=56,http://localhost/api/v1/accounts/56,GET,200,2126,0,1,1,0
90,90,/api/users/,id=90,http://localhost/api/users/90,GET,200,1146,0,1,1,0
170,170,/api/v1/accounts/,id=170,http://localhost/api/v1/accounts/170,POST,200,1209,0,1,1,0
55,55,/admin/user/,id=55,http://localhost/admin/user/55,GET,200,2941,0,1,1,0
102,64,/account//settings,id=64,http://localhost/account/64/settings,GET,200,1996,1,1,0,1
38,38,/profile?id=,id=38,http://localhost/profile?id=38,GET,404,143,0,1,1,0
125,125,/admin/user/,id=125,http://localhost/admin/user/125,GET,200,1236,1,1,1,0
53,53,/documents//view,id=53,http://localhost/documents/53/view,GET,200,1546,1,1,1,0
22,22,/orders/,id=22,http://localhost/orders/22,GET,200,2204,0,1,1,0
179,54,/user/profile,id=54,http://localhost/user/profile,GET,200,2566,1,0,0,1
181,104,/account//settings,id=104,http://localhost/account/104/settings,GET,404,168,0,0,0,0
38,82,/api/v1/accounts/,id=82,http://localhost/api/v1/accounts/82,GET,403,95,0,0,0,0
131,131,/api/v1/accounts/,id=131,http://localhost/api/v1/accounts/131,GET,200,1662,0,1,1,0
80,157,/admin/user/,id=157,http://localhost/admin/user/157,GET,200,607,1,0,0,1
67,45,/profile?id=,id=45,http://localhost/profile?id=45,GET,200,2688,1,0,0,1
147,147,/account//settings,id=147,http://localhost/account/147/settings,GET,200,1237,0,1,1,0
108,108,/api/v1/accounts/,id=108,http://localhost/api/v1/accounts/108,GET,200,823,0,1,1,0
76,107,/account//settings,id=107,http://localhost/account/107/settings,GET,404,138,0,1,0,0
39,176,/api/v1/accounts/,id=176,http://localhost/api/v1/accounts/176,GET,200,1054,1,0,0,1
102,102,/api/v1/accounts/,id=102,http://localhost/api/v1/accounts/102,POST,200,1585,1,1,1,0
67,67,/admin/user/,id=67,http://localhost/admin/user/67,GET,404,192,0,1,1,0
107,107,/api/users/,id=107,http://localhost/api/users/107,GET,200,1080,0,1,1,0
56,158,/api/users/,id=158,http://localhost/api/users/158,GET,200,1460,0,0,0,1
138,138,/documents//view,id=138,http://localhost/documents/138/view,GET,200,2903,1,1,1,0
12,86,/admin/user/,id=86,http://localhost/admin/user/86,GET,200,1269,1,0,0,1
106,106,/orders/,id=106,http://localhost/orders/106,POST,200,2431,0,1,1,0
13,137,/user/profile,id=137,http://localhost/user/profile,GET,200,818,1,1,0,1
158,174,/admin/user/,id=174,http://localhost/admin/user/174,GET,404,132,0,0,0,0
145,145,/account//settings,id=145,http://localhost/account/145/settings,GET,200,2516,0,1,1,0
49,50,/orders/,id=50,http://localhost/orders/50,GET,200,1132,1,1,0,1
12,12,/account//settings,id=12,http://localhost/account/12/settings,GET,200,2599,1,1,1,0
152,183,/orders/,id=183,http://localhost/orders/183,GET,200,769,0,1,0,1
10,10,/api/v1/accounts/,id=10,http://localhost/api/v1/accounts/10,GET,200,2385,0,1,1,0
24,124,/account//settings,id=124,http://localhost/account/124/settings,GET,200,2608,0,0,0,1
98,98,/documents//view,id=98,http://localhost/documents/98/view,POST,200,835,0,1,1,0
199,179,/account//settings,id=179,http://localhost/account/179/settings,GET,200,2369,0,0,0,1
29,29,/api/v1/accounts/,id=29,http://localhost/api/v1/accounts/29,GET,200,2595,1,1,1,0
139,139,/user/profile,id=139,http://localhost/user/profile,GET,200,2433,1,1,1,0
161,137,/account//settings,id=137,http://localhost/account/137/settings,GET,200,1995,1,0,0,1
182,182,/api/users/,id=182,http://localhost/api/users/182,GET,200,1145,0,1,1,0
157,157,/user/profile,id=157,http://localhost/user/profile,POST,200,1858,0,1,1,0
196,71,/api/v1/accounts/,id=71,http://localhost/api/v1/accounts/71,GET,403,126,0,1,0,0
9,9,/api/v1/accounts/,id=9,http://localhost/api/v1/accounts/9,GET,200,681,0,1,1,0
133,133,/orders/,id=133,http://localhost/orders/133,POST,200,2396,0,1,1,0
19,19,/user/profile,id=19,http://localhost/user/profile,GET,200,2785,1,1,1,0
100,100,/admin/user/,id=100,http://localhost/admin/user/100,GET,200,2926,0,1,1,0
146,146,/profile?id=,id=146,http://localhost/profile?id=146,GET,200,1207,0,1,1,0
2,190,/admin/user/,id=190,http://localhost/admin/user/190,GET,404,171,0,1,0,0
26,26,/admin/user/,id=26,http://localhost/admin/user/26,GET,404,120,1,1,1,0
171,82,/admin/user/,id=82,http://localhost/admin/user/82,GET,403,97,0,1,0,0
181,181,/api/users/,id=181,http://localhost/api/users/181,GET,200,2699,1,1,1,0
149,149,/admin/user/,id=149,http://localhost/admin/user/149,POST,200,1908,0,1,1,0
144,144,/orders/,id=144,http://localhost/orders/144,POST,200,1863,0,1,1,0
76,76,/api/users/,id=76,http://localhost/api/users/76,GET,200,1036,0,1,1,0
168,168,/api/users/,id=168,http://localhost/api/users/168,GET,200,1412,0,1,1,0
113,113,/user/profile,id=113,http://localhost/user/profile,GET,200,1787,1,1,1,0
186,186,/account//settings,id=186,http://localhost/account/186/settings,GET,200,1410,0,1,1,0
182,182,/account//settings,id=182,http://localhost/account/182/settings,GET,200,1920,0,1,1,0
58,58,/documents//view,id=58,http://localhost/documents/58/view,GET,200,2590,1,1,1,0
165,165,/account//settings,id=165,http://localhost/account/165/settings,POST,200,2460,0,1,1,0
11,11,/user/profile,id=11,http://localhost/user/profile,POST,200,2552,0,1,1,0
83,83,/profile?id=,id=83,http://localhost/profile?id=83,POST,200,1516,1,1,1,0
186,186,/user/profile,id=186,http://localhost/user/profile,GET,200,1467,1,1,1,0
130,130,/account//settings,id=130,http://localhost/account/130/settings,POST,200,2152,1,1,1,0
164,164,/documents//view,id=164,http://localhost/documents/164/view,GET,200,973,0,1,1,0
83,83,/documents//view,id=83,http://localhost/documents/83/view,GET,200,1034,0,1,1,0
32,32,/api/v1/accounts/,id=32,http://localhost/api/v1/accounts/32,GET,200,2945,0,1,1,0
198,198,/profile?id=,id=198,http://localhost/profile?id=198,GET,200,2722,0,1,1,0
146,173,/api/v1/accounts/,id=173,http://localhost/api/v1/accounts/173,GET,404,171,0,0,0,0
167,167,/admin/user/,id=167,http://localhost/admin/user/167,GET,200,2635,0,1,1,0
105,105,/user/profile,id=105,http://localhost/user/profile,GET,200,1041,0,1,1,0
141,141,/api/v1/accounts/,id=141,http://localhost/api/v1/accounts/141,GET,200,2444,0,1,1,0
116,47,/account//settings,id=47,http://localhost/account/47/settings,GET,200,1336,0,0,0,1
52,179,/documents//view,id=179,http://localhost/documents/179/view,GET,200,434,1,0,0,1
14,135,/profile?id=,id=135,http://localhost/profile?id=135,GET,200,2614,1,0,0,1
9,9,/admin/user/,id=9,http://localhost/admin/user/9,GET,200,1640,0,1,1,0
18,18,/admin/user/,id=18,http://localhost/admin/user/18,GET,200,505,1,1,1,0
169,169,/profile?id=,id=169,http://localhost/profile?id=169,GET,404,62,0,1,1,0
90,90,/user/profile,id=90,http://localhost/user/profile,POST,404,178,0,1,1,0
94,94,/account//settings,id=94,http://localhost/account/94/settings,GET,200,2144,0,1,1,0
90,90,/api/users/,id=90,http://localhost/api/users/90,POST,200,980,0,1,1,0
141,141,/orders/,id=141,http://localhost/orders/141,GET,200,2631,0,1,1,0
29,29,/admin/user/,id=29,http://localhost/admin/user/29,GET,200,1553,0,1,1,0
82,82,/api/users/,id=82,http://localhost/api/users/82,POST,200,2619,0,1,1,0
110,101,/account//settings,id=101,http://localhost/account/101/settings,GET,200,2226,1,1,0,1
192,192,/api/users/,id=192,http://localhost/api/users/192,GET,200,942,0,1,1,0
27,27,/api/users/,id=27,http://localhost/api/users/27,GET,200,1725,1,1,1,0
142,43,/api/v1/accounts/,id=43,http://localhost/api/v1/accounts/43,GET,200,2783,1,0,0,1
85,23,/user/profile,id=23,http://localhost/user/profile,GET,200,1130,1,0,0,1
47,192,/orders/,id=192,http://localhost/orders/192,GET,200,1217,1,0,0,1
172,31,/documents//view,id=31,http://localhost/documents/31/view,GET,200,1520,1,0,0,1
170,170,/api/users/,id=170,http://localhost/api/users/170,GET,200,1061,0,1,1,0
35,75,/api/users/,id=75,http://localhost/api/users/75,GET,200,2254,1,1,0,1
159,92,/account//settings,id=92,http://localhost/account/92/settings,GET,200,891,0,0,0,1
47,47,/user/profile,id=47,http://localhost/user/profile,POST,200,799,1,1,1,0
81,81,/profile?id=,id=81,http://localhost/profile?id=81,GET,200,2861,1,1,1,0
23,114,/documents//view,id=114,http://localhost/documents/114/view,GET,200,1464,1,0,0,1
133,4,/api/users/,id=4,http://localhost/api/users/4,GET,200,2651,0,1,0,1
175,175,/profile?id=,id=175,http://localhost/profile?id=175,GET,200,1857,0,1,1,0
6,60,/admin/user/,id=60,http://localhost/admin/user/60,GET,404,198,0,1,0,0
24,84,/user/profile,id=84,http://localhost/user/profile,GET,403,124,0,0,0,0
73,73,/api/v1/accounts/,id=73,http://localhost/api/v1/accounts/73,POST,200,533,0,1,1,0
13,13,/orders/,id=13,http://localhost/orders/13,POST,200,2372,1,1,1,0
143,167,/api/users/,id=167,http://localhost/api/users/167,GET,200,2582,0,1,0,1
162,177,/admin/user/,id=177,http://localhost/admin/user/177,GET,200,2193,1,0,0,1
29,29,/profile?id=,id=29,http://localhost/profile?id=29,GET,200,609,0,1,1,0
45,45,/api/v1/accounts/,id=45,http://localhost/api/v1/accounts/45,GET,404,109,0,1,1,0
50,50,/admin/user/,id=50,http://localhost/admin/user/50,GET,200,1104,1,1,1,0
104,104,/api/v1/accounts/,id=104,http://localhost/api/v1/accounts/104,GET,200,1425,1,1,1,0
179,179,/profile?id=,id=179,http://localhost/profile?id=179,GET,200,847,0,1,1,0
4,32,/orders/,id=32,http://localhost/orders/32,GET,200,2214,1,0,0,1
40,40,/admin/user/,id=40,http://localhost/admin/user/40,POST,200,770,0,1,1,0
31,31,/orders/,id=31,http://localhost/orders/31,POST,200,964,0,1,1,0
130,130,/api/v1/accounts/,id=130,http://localhost/api/v1/accounts/130,GET,200,986,1,1,1,0
75,142,/api/v1/accounts/,id=142,http://localhost/api/v1/accounts/142,GET,403,88,0,1,0,0
42,61,/api/users/,id=61,http://localhost/api/users/61,GET,403,90,0,0,0,0
108,128,/account//settings,id=128,http://localhost/account/128/settings,GET,200,2517,0,1,0,1
178,71,/admin/user/,id=71,http://localhost/admin/user/71,GET,200,2548,1,0,0,1
113,173,/api/users/,id=173,http://localhost/api/users/173,GET,403,95,0,1,0,0
99,99,/api/users/,id=99,http://localhost/api/users/99,GET,200,1805,0,1,1,0
124,96,/admin/user/,id=96,http://localhost/admin/user/96,GET,200,2753,1,1,0,1
191,191,/documents//view,id=191,http://localhost/documents/191/view,POST,200,1857,0,1,1,0
54,54,/profile?id=,id=54,http://localhost/profile?id=54,GET,200,2311,0,1,1,0
167,167,/user/profile,id=167,http://localhost/user/profile,GET,200,1316,0,1,1,0
82,82,/documents//view,id=82,http://localhost/documents/82/view,GET,404,93,0,1,1,0
28,28,/orders/,id=28,http://localhost/orders/28,GET,200,2337,1,1,1,0
83,89,/user/profile,id=89,http://localhost/user/profile,GET,200,1093,0,1,0,1
122,122,/admin/user/,id=122,http://localhost/admin/user/122,GET,200,1559,0,1,1,0
61,61,/orders/,id=61,http://localhost/orders/61,GET,200,2999,0,1,1,0
69,69,/admin/user/,id=69,http://localhost/admin/user/69,GET,200,2307,0,1,1,0
96,96,/documents//view,id=96,http://localhost/documents/96/view,GET,200,776,0,1,1,0
110,110,/user/profile,id=110,http://localhost/user/profile,GET,404,119,0,1,1,0
55,55,/profile?id=,id=55,http://localhost/profile?id=55,POST,200,2031,0,1,1,0
83,188,/api/v1/accounts/,id=188,http://localhost/api/v1/accounts/188,GET,200,2671,1,0,0,1
2,2,/admin/user/,id=2,http://localhost/admin/user/2,GET,200,942,0,1,1,0
97,97,/account//settings,id=97,http://localhost/account/97/settings,POST,200,1423,0,1,1,0
122,100,/documents//view,id=100,http://localhost/documents/100/view,GET,200,1049,0,0,0,1
2,2,/api/users/,id=2,http://localhost/api/users/2,POST,200,2621,0,1,1,0
40,40,/orders/,id=40,http://localhost/orders/40,GET,200,1855,0,1,1,0
157,157,/orders/,id=157,http://localhost/orders/157,GET,200,1076,0,1,1,0
62,62,/documents//view,id=62,http://localhost/documents/62/view,POST,404,123,1,1,1,0
137,137,/profile?id=,id=137,http://localhost/profile?id=137,GET,200,1367,0,1,1,0
186,26,/orders/,id=26,http://localhost/orders/26,GET,404,143,0,0,0,0
27,27,/api/users/,id=27,http://localhost/api/users/27,GET,200,935,0,1,1,0
30,39,/orders/,id=39,http://localhost/orders/39,GET,403,81,0,1,0,0
129,175,/profile?id=,id=175,http://localhost/profile?id=175,GET,404,63,0,0,0,0
38,121,/profile?id=,id=121,http://localhost/profile?id=121,GET,200,1477,1,0,0,1
152,152,/api/users/,id=152,http://localhost/api/users/152,GET,200,1477,0,1,1,0
115,115,/user/profile,id=115,http://localhost/user/profile,GET,200,1578,1,1,1,0
74,20,/api/users/,id=20,http://localhost/api/users/20,GET,403,85,0,0,0,0
107,12,/user/profile,id=12,http://localhost/user/profile,GET,404,179,0,0,0,0
1,1,/orders/,id=1,http://localhost/orders/1,GET,404,138,0,1,1,0
167,167,/orders/,id=167,http://localhost/orders/167,POST,200,1435,0,1,1,0
1,1,/orders/,id=1,http://localhost/orders/1,POST,404,107,0,1,1,0
154,154,/profile?id=,id=154,http://localhost/profile?id=154,GET,200,604,0,1,1,0
98,98,/api/users/,id=98,http://localhost/api/users/98,GET,200,2972,1,1,1,0
158,158,/documents//view,id=158,http://localhost/documents/158/view,GET,200,2587,0,1,1,0
200,200,/api/v1/accounts/,id=200,http://localhost/api/v1/accounts/200,GET,200,2006,0,1,1,0
7,7,/api/users/,id=7,http://localhost/api/users/7,GET,200,2945,0,1,1,0
66,151,/user/profile,id=151,http://localhost/user/profile,GET,404,186,0,1,0,0
136,25,/admin/user/,id=25,http://localhost/admin/user/25,GET,200,2610,0,0,0,1
164,157,/account//settings,id=157,http://localhost/account/157/settings,GET,403,61,0,1,0,0
63,63,/api/users/,id=63,http://localhost/api/users/63,GET,200,1498,0,1,1,0
188,188,/documents//view,id=188,http://localhost/documents/188/view,GET,200,507,0,1,1,0
27,27,/profile?id=,id=27,http://localhost/profile?id=27,GET,200,687,1,1,1,0
18,18,/documents//view,id=18,http://localhost/documents/18/view,GET,200,2137,0,1,1,0
180,180,/account//settings,id=180,http://localhost/account/180/settings,GET,200,997,0,1,1,0
72,35,/api/users/,id=35,http://localhost/api/users/35,GET,200,2278,0,1,0,1
55,55,/admin/user/,id=55,http://localhost/admin/user/55,POST,200,1063,1,1,1,0
168,168,/api/users/,id=168,http://localhost/api/users/168,GET,200,2523,0,1,1,0
35,35,/api/users/,id=35,http://localhost/api/users/35,GET,200,2199,0,1,1,0
14,70,/admin/user/,id=70,http://localhost/admin/user/70,GET,404,141,0,0,0,0
62,62,/admin/user/,id=62,http://localhost/admin/user/62,GET,200,2685,0,1,1,0
14,14,/documents//view,id=14,http://localhost/documents/14/view,POST,200,767,0,1,1,0
180,160,/api/v1/accounts/,id=160,http://localhost/api/v1/accounts/160,GET,200,479,1,0,0,1
183,183,/admin/user/,id=183,http://localhost/admin/user/183,GET,200,1675,0,1,1,0
139,88,/user/profile,id=88,http://localhost/user/profile,GET,403,105,0,0,0,0
117,117,/admin/user/,id=117,http://localhost/admin/user/117,GET,200,1358,0,1,1,0
43,43,/account//settings,id=43,http://localhost/account/43/settings,GET,200,743,0,1,1,0
144,183,/user/profile,id=183,http://localhost/user/profile,GET,200,2568,1,1,0,1
21,21,/user/profile,id=21,http://localhost/user/profile,GET,200,2044,0,1,1,0
194,38,/account//settings,id=38,http://localhost/account/38/settings,GET,200,1593,1,1,0,1
41,41,/api/v1/accounts/,id=41,http://localhost/api/v1/accounts/41,POST,404,159,1,1,1,0
31,37,/profile?id=,id=37,http://localhost/profile?id=37,GET,404,76,0,0,0,0
38,38,/profile?id=,id=38,http://localhost/profile?id=38,GET,200,2581,0,1,1,0
16,16,/account//settings,id=16,http://localhost/account/16/settings,GET,404,109,0,1,1,0
17,152,/profile?id=,id=152,http://localhost/profile?id=152,GET,403,50,0,1,0,0
20,20,/orders/,id=20,http://localhost/orders/20,GET,200,1187,0,1,1,0
78,78,/profile?id=,id=78,http://localhost/profile?id=78,GET,200,652,0,1,1,0
10,9,/account//settings,id=9,http://localhost/account/9/settings,GET,404,92,0,1,0,0
200,29,/admin/user/,id=29,http://localhost/admin/user/29,GET,200,1371,1,1,0,1
182,182,/documents//view,id=182,http://localhost/documents/182/view,POST,200,1928,0,1,1,0
28,45,/orders/,id=45,http://localhost/orders/45,GET,404,162,0,1,0,0
76,76,/admin/user/,id=76,http://localhost/admin/user/76,GET,200,687,0,1,1,0
132,132,/account//settings,id=132,http://localhost/account/132/settings,GET,200,2575,0,1,1,0
102,1,/user/profile,id=1,http://localhost/user/profile,GET,200,466,0,0,0,1
40,40,/documents//view,id=40,http://localhost/documents/40/view,GET,200,962,1,1,1,0
74,74,/admin/user/,id=74,http://localhost/admin/user/74,GET,200,866,0,1,1,0
68,68,/admin/user/,id=68,http://localhost/admin/user/68,GET,404,102,0,1,1,0
12,34,/account//settings,id=34,http://localhost/account/34/settings,GET,200,1227,0,0,0,1
130,130,/user/profile,id=130,http://localhost/user/profile,POST,200,678,0,1,1,0
106,57,/orders/,id=57,http://localhost/orders/57,GET,200,670,0,0,0,1
164,16,/admin/user/,id=16,http://localhost/admin/user/16,GET,200,2103,1,1,0,1
41,70,/account//settings,id=70,http://localhost/account/70/settings,GET,403,83,0,1,0,0
197,44,/admin/user/,id=44,http://localhost/admin/user/44,GET,200,1014,1,0,0,1
62,62,/documents//view,id=62,http://localhost/documents/62/view,GET,200,1398,0,1,1,0
93,14,/orders/,id=14,http://localhost/orders/14,GET,200,1366,0,1,0,1
194,53,/profile?id=,id=53,http://localhost/profile?id=53,GET,200,2683,1,1,0,1
25,117,/account//settings,id=117,http://localhost/account/117/settings,GET,200,661,0,0,0,1
32,120,/api/users/,id=120,http://localhost/api/users/120,GET,403,113,0,1,0,0
116,116,/user/profile,id=116,http://localhost/user/profile,GET,200,2484,1,1,1,0
88,88,/account//settings,id=88,http://localhost/account/88/settings,GET,404,87,0,1,1,0
103,152,/profile?id=,id=152,http://localhost/profile?id=152,GET,200,1398,1,0,0,1
149,149,/user/profile,id=149,http://localhost/user/profile,POST,200,2841,0,1,1,0
164,70,/api/v1/accounts/,id=70,http://localhost/api/v1/accounts/70,GET,200,1114,1,0,0,1
171,171,/documents//view,id=171,http://localhost/documents/171/view,GET,200,2954,1,1,1,0
144,144,/admin/user/,id=144,http://localhost/admin/user/144,POST,200,2567,0,1,1,0
142,142,/profile?id=,id=142,http://localhost/profile?id=142,POST,200,1272,0,1,1,0
164,164,/api/v1/accounts/,id=164,http://localhost/api/v1/accounts/164,GET,200,1196,0,1,1,0
71,71,/documents//view,id=71,http://localhost/documents/71/view,GET,200,2050,0,1,1,0
76,76,/documents//view,id=76,http://localhost/documents/76/view,POST,200,644,0,1,1,0
167,167,/api/v1/accounts/,id=167,http://localhost/api/v1/accounts/167,GET,200,2897,0,1,1,0
42,88,/orders/,id=88,http://localhost/orders/88,GET,200,1593,1,1,0,1
108,108,/documents//view,id=108,http://localhost/documents/108/view,POST,200,1979,1,1,1,0
33,76,/user/profile,id=76,http://localhost/user/profile,GET,200,2648,1,0,0,1
81,81,/profile?id=,id=81,http://localhost/profile?id=81,GET,200,1350,0,1,1,0
16,161,/documents//view,id=161,http://localhost/documents/161/view,GET,200,520,0,1,0,1
170,170,/account//settings,id=170,http://localhost/account/170/settings,GET,200,1790,0,1,1,0
150,150,/account//settings,id=150,http://localhost/account/150/settings,GET,200,1903,0,1,1,0
175,175,/orders/,id=175,http://localhost/orders/175,POST,404,180,0,1,1,0
46,46,/api/users/,id=46,http://localhost/api/users/46,GET,200,1487,1,1,1,0
164,164,/api/users/,id=164,http://localhost/api/users/164,GET,200,1503,1,1,1,0
60,60,/orders/,id=60,http://localhost/orders/60,GET,200,1684,1,1,1,0
32,155,/orders/,id=155,http://localhost/orders/155,GET,403,73,0,1,0,0
62,62,/api/v1/accounts/,id=62,http://localhost/api/v1/accounts/62,POST,200,2546,0,1,1,0
200,73,/admin/user/,id=73,http://localhost/admin/user/73,GET,200,2490,1,1,0,1
74,24,/profile?id=,id=24,http://localhost/profile?id=24,GET,200,1800,1,0,0,1
76,76,/admin/user/,id=76,http://localhost/admin/user/76,GET,200,808,1,1,1,0
137,137,/documents//view,id=137,http://localhost/documents/137/view,GET,200,1698,1,1,1,0
116,116,/api/v1/accounts/,id=116,http://localhost/api/v1/accounts/116,GET,404,123,0,1,1,0
143,138,/user/profile,id=138,http://localhost/user/profile,GET,200,1758,1,1,0,1
6,6,/api/v1/accounts/,id=6,http://localhost/api/v1/accounts/6,GET,200,1325,0,1,1,0
7,7,/api/users/,id=7,http://localhost/api/users/7,POST,200,2391,1,1,1,0
130,15,/profile?id=,id=15,http://localhost/profile?id=15,GET,404,176,0,1,0,0
95,95,/orders/,id=95,http://localhost/orders/95,POST,200,1467,0,1,1,0
10,87,/user/profile,id=87,http://localhost/user/profile,GET,200,575,1,1,0,1
174,81,/user/profile,id=81,http://localhost/user/profile,GET,200,2576,1,1,0,1
121,121,/account//settings,id=121,http://localhost/account/121/settings,POST,200,521,0,1,1,0
179,179,/documents//view,id=179,http://localhost/documents/179/view,GET,200,2052,0,1,1,0
189,189,/admin/user/,id=189,http://localhost/admin/user/189,GET,404,108,0,1,1,0
132,132,/api/v1/accounts/,id=132,http://localhost/api/v1/accounts/132,POST,200,2537,1,1,1,0
12,17,/documents//view,id=17,http://localhost/documents/17/view,GET,403,146,0,0,0,0
13,13,/orders/,id=13,http://localhost/orders/13,GET,404,155,0,1,1,0
146,138,/admin/user/,id=138,http://localhost/admin/user/138,GET,200,1640,1,1,0,1
139,139,/admin/user/,id=139,http://localhost/admin/user/139,GET,200,505,0,1,1,0
2,2,/admin/user/,id=2,http://localhost/admin/user/2,POST,200,1134,1,1,1,0
124,186,/documents//view,id=186,http://localhost/documents/186/view,GET,200,1696,1,1,0,1
103,103,/api/users/,id=103,http://localhost/api/users/103,POST,200,1772,0,1,1,0
99,99,/orders/,id=99,http://localhost/orders/99,POST,200,1850,0,1,1,0
46,79,/profile?id=,id=79,http://localhost/profile?id=79,GET,200,845,1,1,0,1
98,98,/admin/user/,id=98,http://localhost/admin/user/98,GET,200,1709,1,1,1,0
151,151,/orders/,id=151,http://localhost/orders/151,GET,404,65,1,1,1,0
85,85,/api/users/,id=85,http://localhost/api/users/85,GET,200,707,1,1,1,0
114,114,/api/users/,id=114,http://localhost/api/users/114,GET,200,1107,1,1,1,0
73,89,/admin/user/,id=89,http://localhost/admin/user/89,GET,404,164,0,0,0,0
188,188,/account//settings,id=188,http://localhost/account/188/settings,GET,200,1838,0,1,1,0
134,126,/orders/,id=126,http://localhost/orders/126,GET,404,168,0,1,0,0
58,58,/profile?id=,id=58,http://localhost/profile?id=58,GET,404,151,1,1,1,0
45,45,/admin/user/,id=45,http://localhost/admin/user/45,GET,200,1626,1,1,1,0
23,150,/user/profile,id=150,http://localhost/user/profile,GET,200,2490,1,1,0,1
94,94,/user/profile,id=94,http://localhost/user/profile,GET,200,1179,0,1,1,0
4,4,/orders/,id=4,http://localhost/orders/4,GET,200,2068,0,1,1,0
163,163,/admin/user/,id=163,http://localhost/admin/user/163,GET,200,1462,0,1,1,0
9,10,/api/v1/accounts/,id=10,http://localhost/api/v1/accounts/10,GET,200,863,1,1,0,1
167,167,/documents//view,id=167,http://localhost/documents/167/view,GET,200,1484,0,1,1,0
86,86,/api/users/,id=86,http://localhost/api/users/86,GET,200,1770,0,1,1,0
31,31,/user/profile,id=31,http://localhost/user/profile,POST,200,1219,1,1,1,0
70,37,/documents//view,id=37,http://localhost/documents/37/view,GET,200,1101,1,0,0,1
148,148,/user/profile,id=148,http://localhost/user/profile,GET,200,1217,0,1,1,0
120,52,/documents//view,id=52,http://localhost/documents/52/view,GET,404,175,0,1,0,0
46,95,/api/v1/accounts/,id=95,http://localhost/api/v1/accounts/95,GET,200,1656,1,1,0,1
2,80,/user/profile,id=80,http://localhost/user/profile,GET,200,756,1,1,0,1
196,196,/orders/,id=196,http://localhost/orders/196,GET,200,1454,0,1,1,0
136,136,/account//settings,id=136,http://localhost/account/136/settings,GET,200,828,0,1,1,0
195,195,/orders/,id=195,http://localhost/orders/195,POST,200,2510,0,1,1,0
45,125,/api/users/,id=125,http://localhost/api/users/125,GET,200,1630,1,0,0,1
13,13,/api/v1/accounts/,id=13,http://localhost/api/v1/accounts/13,GET,200,582,0,1,1,0
88,88,/documents//view,id=88,http://localhost/documents/88/view,POST,200,1065,0,1,1,0
111,157,/documents//view,id=157,http://localhost/documents/157/view,GET,200,1493,1,0,0,1
110,89,/admin/user/,id=89,http://localhost/admin/user/89,GET,404,139,0,0,0,0
112,112,/orders/,id=112,http://localhost/orders/112,GET,200,2279,1,1,1,0
199,199,/account//settings,id=199,http://localhost/account/199/settings,GET,404,194,1,1,1,0
22,22,/api/v1/accounts/,id=22,http://localhost/api/v1/accounts/22,GET,200,2681,0,1,1,0
176,176,/admin/user/,id=176,http://localhost/admin/user/176,GET,404,114,1,1,1,0
59,59,/documents//view,id=59,http://localhost/documents/59/view,POST,200,2156,0,1,1,0
133,138,/user/profile,id=138,http://localhost/user/profile,GET,200,1478,1,0,0,1
153,40,/api/v1/accounts/,id=40,http://localhost/api/v1/accounts/40,GET,200,2091,0,1,0,1
182,182,/account//settings,id=182,http://localhost/account/182/settings,POST,200,2803,0,1,1,0
91,81,/admin/user/,id=81,http://localhost/admin/user/81,GET,200,2088,0,1,0,1
14,112,/account//settings,id=112,http://localhost/account/112/settings,GET,200,2263,1,0,0,1
130,130,/api/v1/accounts/,id=130,http://localhost/api/v1/accounts/130,GET,404,173,0,1,1,0
97,97,/api/v1/accounts/,id=97,http://localhost/api/v1/accounts/97,GET,200,881,0,1,1,0
140,140,/api/v1/accounts/,id=140,http://localhost/api/v1/accounts/140,GET,404,98,1,1,1,0
126,47,/documents//view,id=47,http://localhost/documents/47/view,GET,200,2762,1,0,0,1
188,61,/documents//view,id=61,http://localhost/documents/61/view,GET,200,2637,1,1,0,1
200,200,/api/v1/accounts/,id=200,http://localhost/api/v1/accounts/200,POST,200,963,0,1,1,0
100,100,/admin/user/,id=100,http://localhost/admin/user/100,POST,200,1073,0,1,1,0
62,168,/user/profile,id=168,http://localhost/user/profile,GET,200,755,0,1,0,1
144,144,/admin/user/,id=144,http://localhost/admin/user/144,GET,200,2401,0,1,1,0
136,136,/documents//view,id=136,http://localhost/documents/136/view,GET,200,969,0,1,1,0
8,121,/user/profile,id=121,http://localhost/user/profile,GET,200,620,1,0,0,1
84,4,/account//settings,id=4,http://localhost/account/4/settings,GET,200,2794,0,0,0,1
150,150,/documents//view,id=150,http://localhost/documents/150/view,POST,200,2427,1,1,1,0
59,59,/orders/,id=59,http://localhost/orders/59,GET,200,2132,0,1,1,0
192,192,/account//settings,id=192,http://localhost/account/192/settings,GET,200,2988,0,1,1,0
20,30,/account//settings,id=30,http://localhost/account/30/settings,GET,403,111,0,1,0,0
157,157,/documents//view,id=157,http://localhost/documents/157/view,POST,200,1055,0,1,1,0
197,141,/documents//view,id=141,http://localhost/documents/141/view,GET,200,2253,1,1,0,1
21,21,/api/v1/accounts/,id=21,http://localhost/api/v1/accounts/21,GET,404,98,1,1,1,0
153,60,/orders/,id=60,http://localhost/orders/60,GET,200,1871,1,0,0,1
9,19,/api/users/,id=19,http://localhost/api/users/19,GET,200,1426,1,1,0,1
63,19,/documents//view,id=19,http://localhost/documents/19/view,GET,200,1724,0,0,0,1
52,134,/profile?id=,id=134,http://localhost/profile?id=134,GET,200,794,0,0,0,1
117,1,/profile?id=,id=1,http://localhost/profile?id=1,GET,200,476,1,1,0,1
111,111,/account//settings,id=111,http://localhost/account/111/settings,POST,200,914,0,1,1,0
110,80,/admin/user/,id=80,http://localhost/admin/user/80,GET,200,939,1,0,0,1
101,106,/admin/user/,id=106,http://localhost/admin/user/106,GET,200,1132,1,1,0,1
1,1,/api/users/,id=1,http://localhost/api/users/1,POST,200,1967,0,1,1,0
46,46,/admin/user/,id=46,http://localhost/admin/user/46,GET,200,2904,1,1,1,0
198,198,/user/profile,id=198,http://localhost/user/profile,GET,200,1373,0,1,1,0
168,90,/user/profile,id=90,http://localhost/user/profile,GET,200,532,1,1,0,1
84,127,/user/profile,id=127,http://localhost/user/profile,GET,200,969,1,0,0,1
185,185,/api/v1/accounts/,id=185,http://localhost/api/v1/accounts/185,GET,200,2018,0,1,1,0
46,46,/profile?id=,id=46,http://localhost/profile?id=46,GET,200,2511,0,1,1,0
58,58,/orders/,id=58,http://localhost/orders/58,GET,404,112,0,1,1,0
70,176,/admin/user/,id=176,http://localhost/admin/user/176,GET,403,118,0,1,0,0
158,114,/account//settings,id=114,http://localhost/account/114/settings,GET,200,1356,1,0,0,1
97,97,/documents//view,id=97,http://localhost/documents/97/view,GET,200,1475,0,1,1,0
120,12,/api/users/,id=12,http://localhost/api/users/12,GET,200,1679,1,0,0,1
105,105,/documents//view,id=105,http://localhost/documents/105/view,GET,404,177,0,1,1,0
151,151,/documents//view,id=151,http://localhost/documents/151/view,GET,200,1713,1,1,1,0
169,169,/account//settings,id=169,http://localhost/account/169/settings,POST,200,802,0,1,1,0
41,41,/api/v1/accounts/,id=41,http://localhost/api/v1/accounts/41,GET,200,2276,0,1,1,0
174,174,/user/profile,id=174,http://localhost/user/profile,GET,200,1910,0,1,1,0
120,120,/account//settings,id=120,http://localhost/account/120/settings,GET,200,2924,0,1,1,0
32,60,/profile?id=,id=60,http://localhost/profile?id=60,GET,404,121,0,1,0,0
199,199,/orders/,id=199,http://localhost/orders/199,GET,200,2179,1,1,1,0
176,91,/admin/user/,id=91,http://localhost/admin/user/91,GET,200,1367,1,1,0,1
88,102,/user/profile,id=102,http://localhost/user/profile,GET,200,1194,0,1,0,1
68,38,/profile?id=,id=38,http://localhost/profile?id=38,GET,200,2238,1,1,0,1
98,98,/documents//view,id=98,http://localhost/documents/98/view,GET,200,729,1,1,1,0
177,177,/api/users/,id=177,http://localhost/api/users/177,GET,404,161,1,1,1,0
142,46,/api/v1/accounts/,id=46,http://localhost/api/v1/accounts/46,GET,200,1295,1,1,0,1
69,69,/user/profile,id=69,http://localhost/user/profile,GET,200,896,1,1,1,0
18,18,/api/users/,id=18,http://localhost/api/users/18,GET,200,2833,1,1,1,0
91,91,/orders/,id=91,http://localhost/orders/91,GET,200,1060,0,1,1,0
18,18,/profile?id=,id=18,http://localhost/profile?id=18,POST,200,1740,1,1,1,0
71,71,/admin/user/,id=71,http://localhost/admin/user/71,POST,200,1007,0,1,1,0
128,128,/admin/user/,id=128,http://localhost/admin/user/128,GET,200,2238,1,1,1,0
21,193,/account//settings,id=193,http://localhost/account/193/settings,GET,200,2007,1,0,0,1
113,113,/api/v1/accounts/,id=113,http://localhost/api/v1/accounts/113,GET,404,61,0,1,1,0
85,85,/admin/user/,id=85,http://localhost/admin/user/85,GET,200,1460,1,1,1,0
176,176,/orders/,id=176,http://localhost/orders/176,GET,200,636,1,1,1,0
37,4,/account//settings,id=4,http://localhost/account/4/settings,GET,404,145,0,1,0,0
50,50,/admin/user/,id=50,http://localhost/admin/user/50,GET,200,1185,0,1,1,0
18,18,/documents//view,id=18,http://localhost/documents/18/view,GET,200,2878,0,1,1,0
70,52,/admin/user/,id=52,http://localhost/admin/user/52,GET,200,2729,1,0,0,1
70,18,/api/v1/accounts/,id=18,http://localhost/api/v1/accounts/18,GET,404,103,0,1,0,0
30,128,/orders/,id=128,http://localhost/orders/128,GET,200,1230,1,1,0,1
83,55,/user/profile,id=55,http://localhost/user/profile,GET,200,1774,1,0,0,1
22,22,/admin/user/,id=22,http://localhost/admin/user/22,GET,200,2728,0,1,1,0
4,4,/admin/user/,id=4,http://localhost/admin/user/4,GET,200,1291,1,1,1,0
138,138,/documents//view,id=138,http://localhost/documents/138/view,POST,200,2135,0,1,1,0
83,178,/account//settings,id=178,http://localhost/account/178/settings,GET,200,906,1,0,0,1
21,21,/admin/user/,id=21,http://localhost/admin/user/21,POST,200,2462,1,1,1,0
126,126,/admin/user/,id=126,http://localhost/admin/user/126,GET,200,2152,1,1,1,0
100,96,/account//settings,id=96,http://localhost/account/96/settings,GET,200,1195,1,1,0,1
122,120,/documents//view,id=120,http://localhost/documents/120/view,GET,200,953,1,0,0,1
38,38,/documents//view,id=38,http://localhost/documents/38/view,GET,200,1126,0,1,1,0
117,117,/admin/user/,id=117,http://localhost/admin/user/117,POST,200,1132,0,1,1,0
177,177,/orders/,id=177,http://localhost/orders/177,GET,200,1735,0,1,1,0
52,52,/orders/,id=52,http://localhost/orders/52,GET,200,1970,0,1,1,0
200,200,/user/profile,id=200,http://localhost/user/profile,GET,200,958,0,1,1,0
185,185,/profile?id=,id=185,http://localhost/profile?id=185,POST,200,1513,0,1,1,0
199,181,/profile?id=,id=181,http://localhost/profile?id=181,GET,200,887,1,0,0,1
128,197,/account//settings,id=197,http://localhost/account/197/settings,GET,404,131,0,0,0,0
127,144,/api/v1/accounts/,id=144,http://localhost/api/v1/accounts/144,GET,403,53,0,0,0,0
30,30,/profile?id=,id=30,http://localhost/profile?id=30,POST,200,2741,1,1,1,0
178,171,/admin/user/,id=171,http://localhost/admin/user/171,GET,200,703,1,1,0,1
31,31,/api/v1/accounts/,id=31,http://localhost/api/v1/accounts/31,GET,200,2558,0,1,1,0
110,110,/profile?id=,id=110,http://localhost/profile?id=110,GET,200,1342,1,1,1,0
146,88,/orders/,id=88,http://localhost/orders/88,GET,200,719,1,1,0,1
164,164,/profile?id=,id=164,http://localhost/profile?id=164,GET,200,585,0,1,1,0
90,90,/admin/user/,id=90,http://localhost/admin/user/90,GET,200,2851,1,1,1,0
38,46,/user/profile,id=46,http://localhost/user/profile,GET,200,1667,1,1,0,1
161,31,/orders/,id=31,http://localhost/orders/31,GET,200,2098,0,1,0,1
192,192,/user/profile,id=192,http://localhost/user/profile,GET,200,781,0,1,1,0
141,72,/orders/,id=72,http://localhost/orders/72,GET,200,1007,1,0,0,1
170,170,/api/users/,id=170,http://localhost/api/users/170,GET,200,2172,0,1,1,0
11,63,/profile?id=,id=63,http://localhost/profile?id=63,GET,200,560,0,1,0,1
185,185,/api/v1/accounts/,id=185,http://localhost/api/v1/accounts/185,POST,200,2854,1,1,1,0
28,28,/account//settings,id=28,http://localhost/account/28/settings,GET,200,1073,0,1,1,0
107,107,/user/profile,id=107,http://localhost/user/profile,GET,200,2095,0,1,1,0
164,164,/admin/user/,id=164,http://localhost/admin/user/164,POST,200,2904,1,1,1,0
77,3,/profile?id=,id=3,http://localhost/profile?id=3,GET,200,1347,0,0,0,1
68,68,/admin/user/,id=68,http://localhost/admin/user/68,POST,200,1845,0,1,1,0
157,157,/api/users/,id=157,http://localhost/api/users/157,POST,200,2857,1,1,1,0
90,108,/user/profile,id=108,http://localhost/user/profile,GET,200,1186,1,0,0,1
147,147,/orders/,id=147,http://localhost/orders/147,GET,200,1346,1,1,1,0
109,109,/api/users/,id=109,http://localhost/api/users/109,GET,200,632,0,1,1,0
38,38,/api/v1/accounts/,id=38,http://localhost/api/v1/accounts/38,GET,404,174,1,1,1,0
92,92,/orders/,id=92,http://localhost/orders/92,GET,404,117,1,1,1,0
112,112,/documents//view,id=112,http://localhost/documents/112/view,GET,404,153,0,1,1,0
97,97,/admin/user/,id=97,http://localhost/admin/user/97,GET,200,2656,1,1,1,0
31,31,/user/profile,id=31,http://localhost/user/profile,GET,200,1614,0,1,1,0
111,35,/documents//view,id=35,http://localhost/documents/35/view,GET,404,174,0,0,0,0
43,43,/orders/,id=43,http://localhost/orders/43,GET,200,2234,1,1,1,0
4,4,/documents//view,id=4,http://localhost/documents/4/view,POST,200,1895,1,1,1,0
5,5,/api/users/,id=5,http://localhost/api/users/5,POST,200,2782,0,1,1,0
45,182,/documents//view,id=182,http://localhost/documents/182/view,GET,403,145,0,0,0,0
151,8,/api/v1/accounts/,id=8,http://localhost/api/v1/accounts/8,GET,200,676,1,1,0,1
141,141,/orders/,id=141,http://localhost/orders/141,GET,200,1072,1,1,1,0
121,121,/api/v1/accounts/,id=121,http://localhost/api/v1/accounts/121,GET,404,175,0,1,1,0
43,102,/api/users/,id=102,http://localhost/api/users/102,GET,200,2338,1,0,0,1
182,31,/api/users/,id=31,http://localhost/api/users/31,GET,200,932,0,1,0,1
79,135,/user/profile,id=135,http://localhost/user/profile,GET,200,2713,1,0,0,1
180,180,/api/v1/accounts/,id=180,http://localhost/api/v1/accounts/180,GET,200,1583,0,1,1,0
14,14,/documents//view,id=14,http://localhost/documents/14/view,GET,200,2510,1,1,1,0
154,154,/documents//view,id=154,http://localhost/documents/154/view,GET,200,1735,1,1,1,0
50,9,/orders/,id=9,http://localhost/orders/9,GET,200,547,1,1,0,1
47,136,/user/profile,id=136,http://localhost/user/profile,GET,200,745,1,0,0,1
144,144,/profile?id=,id=144,http://localhost/profile?id=144,GET,200,1469,0,1,1,0
188,188,/admin/user/,id=188,http://localhost/admin/user/188,GET,200,2675,1,1,1,0
7,198,/profile?id=,id=198,http://localhost/profile?id=198,GET,200,740,1,0,0,1
1,181,/admin/user/,id=181,http://localhost/admin/user/181,GET,200,1555,1,0,0,1
52,52,/documents//view,id=52,http://localhost/documents/52/view,GET,200,1526,1,1,1,0
30,181,/api/v1/accounts/,id=181,http://localhost/api/v1/accounts/181,GET,200,749,1,1,0,1
182,75,/orders/,id=75,http://localhost/orders/75,GET,200,498,1,1,0,1
146,146,/profile?id=,id=146,http://localhost/profile?id=146,GET,404,133,1,1,1,0
104,104,/orders/,id=104,http://localhost/orders/104,GET,200,2847,0,1,1,0
97,97,/user/profile,id=97,http://localhost/user/profile,GET,200,2906,0,1,1,0
155,155,/account//settings,id=155,http://localhost/account/155/settings,GET,200,827,0,1,1,0
134,134,/api/users/,id=134,http://localhost/api/users/134,GET,200,717,0,1,1,0
160,160,/api/users/,id=160,http://localhost/api/users/160,GET,200,2572,1,1,1,0
144,144,/api/v1/accounts/,id=144,http://localhost/api/v1/accounts/144,GET,200,2121,1,1,1,0
102,26,/account//settings,id=26,http://localhost/account/26/settings,GET,200,1441,1,1,0,1
130,130,/profile?id=,id=130,http://localhost/profile?id=130,GET,200,968,0,1,1,0
93,93,/api/v1/accounts/,id=93,http://localhost/api/v1/accounts/93,GET,200,2637,0,1,1,0
88,88,/documents//view,id=88,http://localhost/documents/88/view,GET,200,1878,1,1,1,0
186,186,/api/users/,id=186,http://localhost/api/users/186,GET,200,2370,0,1,1,0
66,4,/api/users/,id=4,http://localhost/api/users/4,GET,200,1019,1,1,0,1
109,109,/documents//view,id=109,http://localhost/documents/109/view,GET,404,83,0,1,1,0
52,52,/user/profile,id=52,http://localhost/user/profile,GET,200,2611,0,1,1,0
139,42,/documents//view,id=42,http://localhost/documents/42/view,GET,403,53,0,1,0,0
57,57,/documents//view,id=57,http://localhost/documents/57/view,GET,200,2702,1,1,1,0
61,111,/profile?id=,id=111,http://localhost/profile?id=111,GET,200,1967,1,1,0,1
155,166,/profile?id=,id=166,http://localhost/profile?id=166,GET,200,2222,1,1,0,1
94,150,/orders/,id=150,http://localhost/orders/150,GET,200,1630,1,0,0,1
159,159,/api/users/,id=159,http://localhost/api/users/159,GET,200,2345,0,1,1,0
103,103,/user/profile,id=103,http://localhost/user/profile,GET,200,1682,1,1,1,0
181,181,/documents//view,id=181,http://localhost/documents/181/view,GET,200,1708,0,1,1,0
85,54,/orders/,id=54,http://localhost/orders/54,GET,200,2543,1,1,0,1
68,68,/orders/,id=68,http://localhost/orders/68,GET,200,1198,0,1,1,0
62,62,/profile?id=,id=62,http://localhost/profile?id=62,GET,200,2182,1,1,1,0
41,41,/orders/,id=41,http://localhost/orders/41,GET,200,1141,1,1,1,0
109,136,/profile?id=,id=136,http://localhost/profile?id=136,GET,404,75,0,1,0,0
200,200,/user/profile,id=200,http://localhost/user/profile,GET,200,1322,0,1,1,0
51,51,/documents//view,id=51,http://localhost/documents/51/view,GET,200,576,0,1,1,0
110,110,/documents//view,id=110,http://localhost/documents/110/view,GET,200,2892,0,1,1,0
40,40,/documents//view,id=40,http://localhost/documents/40/view,GET,200,1904,1,1,1,0
197,60,/api/users/,id=60,http://localhost/api/users/60,GET,200,2627,1,1,0,1
57,68,/api/users/,id=68,http://localhost/api/users/68,GET,200,1381,1,1,0,1
98,98,/api/v1/accounts/,id=98,http://localhost/api/v1/accounts/98,POST,200,2708,1,1,1,0
161,35,/user/profile,id=35,http://localhost/user/profile,GET,403,144,0,0,0,0
31,31,/account//settings,id=31,http://localhost/account/31/settings,POST,200,1695,0,1,1,0
39,39,/profile?id=,id=39,http://localhost/profile?id=39,POST,200,855,0,1,1,0
167,167,/account//settings,id=167,http://localhost/account/167/settings,GET,200,1942,0,1,1,0
111,111,/account//settings,id=111,http://localhost/account/111/settings,POST,404,125,0,1,1,0
18,128,/user/profile,id=128,http://localhost/user/profile,GET,403,98,0,1,0,0
124,129,/account//settings,id=129,http://localhost/account/129/settings,GET,200,2380,1,1,0,1
50,50,/orders/,id=50,http://localhost/orders/50,GET,200,1421,0,1,1,0
138,138,/documents//view,id=138,http://localhost/documents/138/view,GET,200,2280,1,1,1,0
101,101,/documents//view,id=101,http://localhost/documents/101/view,GET,200,2028,0,1,1,0
141,141,/api/users/,id=141,http://localhost/api/users/141,GET,200,2714,0,1,1,0
18,136,/account//settings,id=136,http://localhost/account/136/settings,GET,200,1478,1,1,0,1
101,101,/admin/user/,id=101,http://localhost/admin/user/101,GET,200,1456,1,1,1,0
49,135,/api/v1/accounts/,id=135,http://localhost/api/v1/accounts/135,GET,200,1031,0,1,0,1
159,86,/user/profile,id=86,http://localhost/user/profile,GET,404,63,0,0,0,0
78,78,/documents//view,id=78,http://localhost/documents/78/view,POST,200,1184,0,1,1,0
41,128,/api/users/,id=128,http://localhost/api/users/128,GET,200,1786,1,0,0,1
147,147,/profile?id=,id=147,http://localhost/profile?id=147,GET,200,1803,0,1,1,0
174,170,/api/v1/accounts/,id=170,http://localhost/api/v1/accounts/170,GET,200,2617,1,0,0,1
161,19,/profile?id=,id=19,http://localhost/profile?id=19,GET,404,185,0,0,0,0
110,104,/user/profile,id=104,http://localhost/user/profile,GET,200,1958,1,1,0,1
117,117,/documents//view,id=117,http://localhost/documents/117/view,POST,200,2776,0,1,1,0
164,164,/admin/user/,id=164,http://localhost/admin/user/164,GET,200,2431,1,1,1,0
52,52,/account//settings,id=52,http://localhost/account/52/settings,GET,404,173,0,1,1,0
189,9,/orders/,id=9,http://localhost/orders/9,GET,200,784,1,0,0,1
168,166,/admin/user/,id=166,http://localhost/admin/user/166,GET,404,185,0,1,0,0
121,182,/documents//view,id=182,http://localhost/documents/182/view,GET,404,144,0,0,0,0
33,187,/orders/,id=187,http://localhost/orders/187,GET,200,727,1,0,0,1
166,42,/documents//view,id=42,http://localhost/documents/42/view,GET,403,101,0,0,0,0
146,146,/account//settings,id=146,http://localhost/account/146/settings,GET,200,921,0,1,1,0
137,137,/profile?id=,id=137,http://localhost/profile?id=137,GET,200,2498,0,1,1,0
24,24,/documents//view,id=24,http://localhost/documents/24/view,GET,200,2368,0,1,1,0
140,140,/orders/,id=140,http://localhost/orders/140,GET,200,1226,0,1,1,0
84,129,/orders/,id=129,http://localhost/orders/129,GET,200,2009,1,1,0,1
133,133,/account//settings,id=133,http://localhost/account/133/settings,GET,200,1821,0,1,1,0
123,123,/profile?id=,id=123,http://localhost/profile?id=123,GET,200,740,0,1,1,0
65,142,/profile?id=,id=142,http://localhost/profile?id=142,GET,404,142,0,0,0,0
3,3,/account//settings,id=3,http://localhost/account/3/settings,GET,404,196,0,1,1,0
81,125,/api/users/,id=125,http://localhost/api/users/125,GET,200,2450,1,1,0,1
78,78,/documents//view,id=78,http://localhost/documents/78/view,GET,200,902,0,1,1,0
58,142,/profile?id=,id=142,http://localhost/profile?id=142,GET,404,159,0,0,0,0
115,180,/account//settings,id=180,http://localhost/account/180/settings,GET,200,2482,1,1,0,1
135,164,/documents//view,id=164,http://localhost/documents/164/view,GET,200,2372,0,0,0,1
41,41,/profile?id=,id=41,http://localhost/profile?id=41,GET,200,2940,0,1,1,0
161,161,/orders/,id=161,http://localhost/orders/161,POST,200,1420,0,1,1,0
90,90,/documents//view,id=90,http://localhost/documents/90/view,GET,200,2724,0,1,1,0
128,128,/user/profile,id=128,http://localhost/user/profile,GET,200,1693,0,1,1,0
52,50,/documents//view,id=50,http://localhost/documents/50/view,GET,200,1707,1,1,0,1
172,196,/account//settings,id=196,http://localhost/account/196/settings,GET,403,130,0,0,0,0
93,93,/api/users/,id=93,http://localhost/api/users/93,POST,200,677,0,1,1,0
46,46,/documents//view,id=46,http://localhost/documents/46/view,GET,200,1018,1,1,1,0
94,112,/orders/,id=112,http://localhost/orders/112,GET,404,69,0,0,0,0
48,100,/api/v1/accounts/,id=100,http://localhost/api/v1/accounts/100,GET,200,1070,1,0,0,1
75,75,/api/v1/accounts/,id=75,http://localhost/api/v1/accounts/75,GET,200,1048,0,1,1,0
168,168,/api/users/,id=168,http://localhost/api/users/168,POST,200,1645,1,1,1,0
101,101,/api/v1/accounts/,id=101,http://localhost/api/v1/accounts/101,GET,200,1945,1,1,1,0
142,142,/api/v1/accounts/,id=142,http://localhost/api/v1/accounts/142,GET,200,1694,0,1,1,0
15,15,/api/v1/accounts/,id=15,http://localhost/api/v1/accounts/15,GET,200,2371,0,1,1,0
31,71,/account//settings,id=71,http://localhost/account/71/settings,GET,200,1088,0,1,0,1
120,133,/api/users/,id=133,http://localhost/api/users/133,GET,200,762,1,0,0,1
186,144,/admin/user/,id=144,http://localhost/admin/user/144,GET,200,1532,1,0,0,1
28,32,/documents//view,id=32,http://localhost/documents/32/view,GET,404,177,0,0,0,0
147,147,/profile?id=,id=147,http://localhost/profile?id=147,POST,200,2067,0,1,1,0
194,194,/api/v1/accounts/,id=194,http://localhost/api/v1/accounts/194,GET,200,1337,0,1,1,0
102,102,/account//settings,id=102,http://localhost/account/102/settings,GET,200,797,1,1,1,0
19,19,/user/profile,id=19,http://localhost/user/profile,GET,200,1040,0,1,1,0
178,178,/documents//view,id=178,http://localhost/documents/178/view,GET,404,64,1,1,1,0
14,166,/admin/user/,id=166,http://localhost/admin/user/166,GET,200,2180,1,1,0,1
70,70,/account//settings,id=70,http://localhost/account/70/settings,GET,200,2473,0,1,1,0
36,36,/api/v1/accounts/,id=36,http://localhost/api/v1/accounts/36,GET,200,949,1,1,1,0
67,67,/account//settings,id=67,http://localhost/account/67/settings,GET,200,2352,0,1,1,0
140,140,/documents//view,id=140,http://localhost/documents/140/view,GET,200,2771,1,1,1,0
169,169,/documents//view,id=169,http://localhost/documents/169/view,POST,200,627,1,1,1,0
42,42,/api/users/,id=42,http://localhost/api/users/42,GET,200,2477,0,1,1,0
17,17,/orders/,id=17,http://localhost/orders/17,POST,200,876,0,1,1,0
117,131,/profile?id=,id=131,http://localhost/profile?id=131,GET,200,2243,1,1,0,1
199,84,/account//settings,id=84,http://localhost/account/84/settings,GET,200,802,0,0,0,1
83,105,/admin/user/,id=105,http://localhost/admin/user/105,GET,200,2543,1,0,0,1
121,162,/api/users/,id=162,http://localhost/api/users/162,GET,200,2608,1,1,0,1
109,109,/profile?id=,id=109,http://localhost/profile?id=109,GET,200,2702,0,1,1,0
57,33,/account//settings,id=33,http://localhost/account/33/settings,GET,403,89,0,0,0,0
120,120,/account//settings,id=120,http://localhost/account/120/settings,GET,404,151,0,1,1,0
126,168,/user/profile,id=168,http://localhost/user/profile,GET,200,587,1,0,0,1
141,96,/orders/,id=96,http://localhost/orders/96,GET,200,2696,1,1,0,1
53,186,/user/profile,id=186,http://localhost/user/profile,GET,200,2539,1,0,0,1
18,18,/api/v1/accounts/,id=18,http://localhost/api/v1/accounts/18,POST,200,1625,0,1,1,0
55,55,/orders/,id=55,http://localhost/orders/55,GET,200,2029,0,1,1,0
36,36,/orders/,id=36,http://localhost/orders/36,POST,404,191,0,1,1,0
194,165,/profile?id=,id=165,http://localhost/profile?id=165,GET,404,171,0,1,0,0
47,47,/admin/user/,id=47,http://localhost/admin/user/47,GET,200,2213,0,1,1,0
152,22,/api/users/,id=22,http://localhost/api/users/22,GET,404,79,0,1,0,0
165,165,/profile?id=,id=165,http://localhost/profile?id=165,GET,200,2172,1,1,1,0
83,83,/api/v1/accounts/,id=83,http://localhost/api/v1/accounts/83,GET,200,2345,1,1,1,0
103,103,/user/profile,id=103,http://localhost/user/profile,GET,200,2099,1,1,1,0
57,57,/orders/,id=57,http://localhost/orders/57,GET,200,1702,1,1,1,0
198,63,/admin/user/,id=63,http://localhost/admin/user/63,GET,200,2279,0,1,0,1
148,128,/orders/,id=128,http://localhost/orders/128,GET,404,118,0,1,0,0
79,79,/documents//view,id=79,http://localhost/documents/79/view,GET,200,2536,0,1,1,0
167,167,/account//settings,id=167,http://localhost/account/167/settings,POST,200,1372,0,1,1,0
82,18,/api/users/,id=18,http://localhost/api/users/18,GET,200,996,1,0,0,1
145,187,/user/profile,id=187,http://localhost/user/profile,GET,403,96,0,1,0,0
166,166,/account//settings,id=166,http://localhost/account/166/settings,GET,200,1535,1,1,1,0
120,120,/user/profile,id=120,http://localhost/user/profile,GET,404,136,0,1,1,0
199,16,/profile?id=,id=16,http://localhost/profile?id=16,GET,200,646,1,1,0,1
58,160,/api/users/,id=160,http://localhost/api/users/160,GET,403,125,0,1,0,0
71,71,/admin/user/,id=71,http://localhost/admin/user/71,POST,200,2673,1,1,1,0
42,187,/profile?id=,id=187,http://localhost/profile?id=187,GET,404,85,0,0,0,0
107,46,/api/v1/accounts/,id=46,http://localhost/api/v1/accounts/46,GET,403,53,0,0,0,0
127,62,/api/users/,id=62,http://localhost/api/users/62,GET,403,138,0,1,0,0
130,130,/account//settings,id=130,http://localhost/account/130/settings,POST,404,195,1,1,1,0
195,110,/api/users/,id=110,http://localhost/api/users/110,GET,200,951,1,0,0,1
36,165,/profile?id=,id=165,http://localhost/profile?id=165,GET,200,2143,0,0,0,1
38,62,/account//settings,id=62,http://localhost/account/62/settings,GET,404,161,0,1,0,0
91,73,/api/v1/accounts/,id=73,http://localhost/api/v1/accounts/73,GET,403,129,0,0,0,0
73,167,/documents//view,id=167,http://localhost/documents/167/view,GET,200,680,1,0,0,1
177,177,/api/users/,id=177,http://localhost/api/users/177,GET,404,62,1,1,1,0
62,62,/api/v1/accounts/,id=62,http://localhost/api/v1/accounts/62,GET,200,1540,0,1,1,0
5,5,/profile?id=,id=5,http://localhost/profile?id=5,GET,200,759,0,1,1,0
72,38,/admin/user/,id=38,http://localhost/admin/user/38,GET,404,144,0,1,0,0
114,114,/admin/user/,id=114,http://localhost/admin/user/114,GET,200,2237,0,1,1,0
65,11,/api/v1/accounts/,id=11,http://localhost/api/v1/accounts/11,GET,200,2689,1,1,0,1
93,93,/profile?id=,id=93,http://localhost/profile?id=93,POST,200,690,1,1,1,0
76,120,/api/users/,id=120,http://localhost/api/users/120,GET,200,1532,1,1,0,1
58,39,/admin/user/,id=39,http://localhost/admin/user/39,GET,200,962,0,0,0,1
133,196,/user/profile,id=196,http://localhost/user/profile,GET,200,2200,1,1,0,1
173,73,/account//settings,id=73,http://localhost/account/73/settings,GET,200,2771,0,1,0,1
6,166,/user/profile,id=166,http://localhost/user/profile,GET,403,138,0,0,0,0
117,117,/user/profile,id=117,http://localhost/user/profile,GET,200,1132,1,1,1,0
91,58,/account//settings,id=58,http://localhost/account/58/settings,GET,200,430,1,1,0,1
134,87,/account//settings,id=87,http://localhost/account/87/settings,GET,200,443,1,0,0,1
179,179,/user/profile,id=179,http://localhost/user/profile,GET,200,1842,1,1,1,0
191,191,/admin/user/,id=191,http://localhost/admin/user/191,GET,200,1609,0,1,1,0
91,91,/api/users/,id=91,http://localhost/api/users/91,GET,200,654,1,1,1,0
117,132,/api/v1/accounts/,id=132,http://localhost/api/v1/accounts/132,GET,200,1757,1,1,0,1
192,168,/user/profile,id=168,http://localhost/user/profile,GET,200,1966,1,0,0,1
70,70,/api/v1/accounts/,id=70,http://localhost/api/v1/accounts/70,POST,200,2926,1,1,1,0
111,111,/api/users/,id=111,http://localhost/api/users/111,GET,404,106,0,1,1,0
93,93,/api/users/,id=93,http://localhost/api/users/93,GET,200,1954,1,1,1,0
103,103,/profile?id=,id=103,http://localhost/profile?id=103,POST,200,2079,0,1,1,0
87,87,/documents//view,id=87,http://localhost/documents/87/view,GET,200,1569,0,1,1,0
112,149,/orders/,id=149,http://localhost/orders/149,GET,403,123,0,0,0,0
135,148,/admin/user/,id=148,http://localhost/admin/user/148,GET,200,2704,0,1,0,1
30,30,/profile?id=,id=30,http://localhost/profile?id=30,GET,200,1658,1,1,1,0
19,19,/user/profile,id=19,http://localhost/user/profile,GET,200,2805,0,1,1,0
68,68,/account//settings,id=68,http://localhost/account/68/settings,POST,200,2251,0,1,1,0
10,10,/account//settings,id=10,http://localhost/account/10/settings,GET,200,2303,1,1,1,0
48,48,/profile?id=,id=48,http://localhost/profile?id=48,POST,200,2598,0,1,1,0
169,141,/account//settings,id=141,http://localhost/account/141/settings,GET,403,142,0,1,0,0
136,136,/orders/,id=136,http://localhost/orders/136,POST,200,1896,1,1,1,0
8,24,/account//settings,id=24,http://localhost/account/24/settings,GET,404,198,0,1,0,0
116,116,/api/users/,id=116,http://localhost/api/users/116,GET,200,2798,0,1,1,0
188,123,/user/profile,id=123,http://localhost/user/profile,GET,403,136,0,0,0,0
199,199,/admin/user/,id=199,http://localhost/admin/user/199,GET,200,1870,1,1,1,0
198,198,/documents//view,id=198,http://localhost/documents/198/view,GET,200,913,0,1,1,0
47,47,/account//settings,id=47,http://localhost/account/47/settings,GET,404,147,0,1,1,0
24,24,/orders/,id=24,http://localhost/orders/24,GET,200,2471,1,1,1,0
71,71,/account//settings,id=71,http://localhost/account/71/settings,GET,200,1819,0,1,1,0
180,180,/documents//view,id=180,http://localhost/documents/180/view,GET,200,2767,0,1,1,0
156,156,/profile?id=,id=156,http://localhost/profile?id=156,GET,200,1473,0,1,1,0
111,111,/account//settings,id=111,http://localhost/account/111/settings,GET,200,2151,0,1,1,0
78,199,/documents//view,id=199,http://localhost/documents/199/view,GET,200,2130,1,1,0,1
41,8,/api/v1/accounts/,id=8,http://localhost/api/v1/accounts/8,GET,200,690,1,0,0,1
168,36,/orders/,id=36,http://localhost/orders/36,GET,200,1665,0,0,0,1
83,83,/documents//view,id=83,http://localhost/documents/83/view,POST,200,865,1,1,1,0
113,113,/documents//view,id=113,http://localhost/documents/113/view,GET,200,1903,1,1,1,0
18,122,/admin/user/,id=122,http://localhost/admin/user/122,GET,403,51,0,1,0,0
180,167,/account//settings,id=167,http://localhost/account/167/settings,GET,200,604,1,1,0,1
173,27,/profile?id=,id=27,http://localhost/profile?id=27,GET,404,183,0,0,0,0
35,35,/api/users/,id=35,http://localhost/api/users/35,POST,404,101,1,1,1,0
160,160,/user/profile,id=160,http://localhost/user/profile,GET,200,580,1,1,1,0
82,82,/orders/,id=82,http://localhost/orders/82,POST,200,2341,1,1,1,0
130,20,/documents//view,id=20,http://localhost/documents/20/view,GET,200,1550,1,1,0,1
145,145,/orders/,id=145,http://localhost/orders/145,GET,200,2753,1,1,1,0
191,191,/api/v1/accounts/,id=191,http://localhost/api/v1/accounts/191,POST,200,1123,0,1,1,0
4,160,/api/users/,id=160,http://localhost/api/users/160,GET,200,1834,1,1,0,1
36,36,/orders/,id=36,http://localhost/orders/36,GET,200,1516,0,1,1,0
25,117,/documents//view,id=117,http://localhost/documents/117/view,GET,200,2306,1,1,0,1
16,162,/api/v1/accounts/,id=162,http://localhost/api/v1/accounts/162,GET,200,2746,1,0,0,1
199,189,/api/v1/accounts/,id=189,http://localhost/api/v1/accounts/189,GET,200,1960,0,1,0,1
159,159,/api/v1/accounts/,id=159,http://localhost/api/v1/accounts/159,GET,200,967,1,1,1,0
6,15,/api/users/,id=15,http://localhost/api/users/15,GET,404,126,0,0,0,0
30,99,/documents//view,id=99,http://localhost/documents/99/view,GET,404,129,0,1,0,0
23,23,/documents//view,id=23,http://localhost/documents/23/view,POST,200,605,1,1,1,0
94,94,/user/profile,id=94,http://localhost/user/profile,GET,200,1859,0,1,1,0
116,78,/orders/,id=78,http://localhost/orders/78,GET,200,1116,1,0,0,1
124,40,/api/v1/accounts/,id=40,http://localhost/api/v1/accounts/40,GET,200,2599,0,1,0,1
68,68,/api/users/,id=68,http://localhost/api/users/68,POST,200,1975,1,1,1,0
125,60,/admin/user/,id=60,http://localhost/admin/user/60,GET,200,1822,0,1,0,1
36,36,/api/v1/accounts/,id=36,http://localhost/api/v1/accounts/36,GET,200,2607,0,1,1,0
179,38,/api/v1/accounts/,id=38,http://localhost/api/v1/accounts/38,GET,403,76,0,0,0,0
149,149,/api/v1/accounts/,id=149,http://localhost/api/v1/accounts/149,GET,200,2483,0,1,1,0
130,130,/documents//view,id=130,http://localhost/documents/130/view,GET,200,1722,0,1,1,0
74,68,/user/profile,id=68,http://localhost/user/profile,GET,404,196,0,1,0,0
30,152,/api/v1/accounts/,id=152,http://localhost/api/v1/accounts/152,GET,200,799,1,1,0,1
21,21,/api/v1/accounts/,id=21,http://localhost/api/v1/accounts/21,GET,404,194,1,1,1,0
79,79,/api/v1/accounts/,id=79,http://localhost/api/v1/accounts/79,GET,200,918,1,1,1,0
17,39,/documents//view,id=39,http://localhost/documents/39/view,GET,200,1789,0,1,0,1
101,47,/admin/user/,id=47,http://localhost/admin/user/47,GET,200,1730,0,1,0,1
129,57,/orders/,id=57,http://localhost/orders/57,GET,403,103,0,1,0,0
131,131,/documents//view,id=131,http://localhost/documents/131/view,GET,200,2087,0,1,1,0
161,161,/documents//view,id=161,http://localhost/documents/161/view,GET,200,873,0,1,1,0
38,38,/user/profile,id=38,http://localhost/user/profile,GET,200,1092,0,1,1,0
58,58,/account//settings,id=58,http://localhost/account/58/settings,GET,200,2915,0,1,1,0
70,70,/profile?id=,id=70,http://localhost/profile?id=70,POST,200,1498,0,1,1,0
163,57,/orders/,id=57,http://localhost/orders/57,GET,200,2089,0,1,0,1
177,21,/account//settings,id=21,http://localhost/account/21/settings,GET,200,2556,1,1,0,1
117,117,/profile?id=,id=117,http://localhost/profile?id=117,POST,200,1780,0,1,1,0
196,82,/profile?id=,id=82,http://localhost/profile?id=82,GET,200,1642,0,1,0,1
116,116,/account//settings,id=116,http://localhost/account/116/settings,POST,200,1809,0,1,1,0
78,78,/api/v1/accounts/,id=78,http://localhost/api/v1/accounts/78,GET,200,2163,1,1,1,0
183,138,/documents//view,id=138,http://localhost/documents/138/view,GET,403,72,0,0,0,0
183,183,/api/users/,id=183,http://localhost/api/users/183,GET,200,2056,0,1,1,0
151,151,/profile?id=,id=151,http://localhost/profile?id=151,GET,200,746,0,1,1,0
27,27,/orders/,id=27,http://localhost/orders/27,GET,200,1418,0,1,1,0
20,56,/api/users/,id=56,http://localhost/api/users/56,GET,200,1346,1,1,0,1
142,142,/api/users/,id=142,http://localhost/api/users/142,GET,200,1156,1,1,1,0
109,55,/orders/,id=55,http://localhost/orders/55,GET,404,78,0,1,0,0
5,5,/user/profile,id=5,http://localhost/user/profile,POST,404,185,0,1,1,0
193,153,/api/users/,id=153,http://localhost/api/users/153,GET,200,1586,1,1,0,1
151,151,/profile?id=,id=151,http://localhost/profile?id=151,GET,200,1770,0,1,1,0
169,169,/orders/,id=169,http://localhost/orders/169,GET,200,1695,0,1,1,0
189,189,/api/users/,id=189,http://localhost/api/users/189,GET,200,630,1,1,1,0
60,60,/api/users/,id=60,http://localhost/api/users/60,GET,200,2694,0,1,1,0
162,162,/user/profile,id=162,http://localhost/user/profile,POST,200,1371,0,1,1,0
194,196,/api/v1/accounts/,id=196,http://localhost/api/v1/accounts/196,GET,200,780,1,1,0,1
49,118,/api/users/,id=118,http://localhost/api/users/118,GET,403,100,0,0,0,0
99,99,/api/v1/accounts/,id=99,http://localhost/api/v1/accounts/99,POST,200,2202,0,1,1,0
20,20,/account//settings,id=20,http://localhost/account/20/settings,GET,200,988,0,1,1,0
180,29,/admin/user/,id=29,http://localhost/admin/user/29,GET,404,171,0,0,0,0
189,189,/user/profile,id=189,http://localhost/user/profile,GET,200,2797,0,1,1,0
45,45,/account//settings,id=45,http://localhost/account/45/settings,GET,200,2959,0,1,1,0
91,91,/admin/user/,id=91,http://localhost/admin/user/91,POST,200,2974,1,1,1,0
98,112,/orders/,id=112,http://localhost/orders/112,GET,200,2345,1,0,0,1
174,174,/api/v1/accounts/,id=174,http://localhost/api/v1/accounts/174,GET,200,1968,0,1,1,0
143,143,/user/profile,id=143,http://localhost/user/profile,GET,200,1142,0,1,1,0
83,147,/api/users/,id=147,http://localhost/api/users/147,GET,404,75,0,0,0,0
37,54,/documents//view,id=54,http://localhost/documents/54/view,GET,404,184,0,1,0,0
74,121,/user/profile,id=121,http://localhost/user/profile,GET,200,2414,1,1,0,1
28,28,/profile?id=,id=28,http://localhost/profile?id=28,GET,200,2911,1,1,1,0
46,166,/api/v1/accounts/,id=166,http://localhost/api/v1/accounts/166,GET,200,2614,1,1,0,1
89,89,/profile?id=,id=89,http://localhost/profile?id=89,GET,200,2085,0,1,1,0
150,150,/user/profile,id=150,http://localhost/user/profile,GET,200,2559,1,1,1,0
62,62,/admin/user/,id=62,http://localhost/admin/user/62,POST,200,1227,0,1,1,0
121,121,/admin/user/,id=121,http://localhost/admin/user/121,GET,200,910,1,1,1,0
4,187,/profile?id=,id=187,http://localhost/profile?id=187,GET,403,81,0,1,0,0
23,23,/admin/user/,id=23,http://localhost/admin/user/23,POST,404,103,1,1,1,0
138,148,/documents//view,id=148,http://localhost/documents/148/view,GET,200,1944,1,1,0,1
182,146,/account//settings,id=146,http://localhost/account/146/settings,GET,403,73,0,1,0,0
157,157,/user/profile,id=157,http://localhost/user/profile,GET,200,1219,1,1,1,0
160,160,/account//settings,id=160,http://localhost/account/160/settings,GET,200,968,0,1,1,0
15,162,/api/users/,id=162,http://localhost/api/users/162,GET,200,1792,1,0,0,1
160,160,/profile?id=,id=160,http://localhost/profile?id=160,GET,200,1107,0,1,1,0
200,103,/admin/user/,id=103,http://localhost/admin/user/103,GET,200,2060,1,0,0,1
176,96,/account//settings,id=96,http://localhost/account/96/settings,GET,200,751,0,0,0,1
113,158,/api/v1/accounts/,id=158,http://localhost/api/v1/accounts/158,GET,200,2274,1,0,0,1
21,2,/user/profile,id=2,http://localhost/user/profile,GET,200,765,1,1,0,1
103,103,/api/users/,id=103,http://localhost/api/users/103,GET,200,625,1,1,1,0
12,12,/api/users/,id=12,http://localhost/api/users/12,GET,200,2808,0,1,1,0
78,3,/user/profile,id=3,http://localhost/user/profile,GET,200,958,1,1,0,1
100,170,/documents//view,id=170,http://localhost/documents/170/view,GET,200,1875,1,0,0,1
20,20,/admin/user/,id=20,http://localhost/admin/user/20,POST,200,1836,1,1,1,0
121,157,/admin/user/,id=157,http://localhost/admin/user/157,GET,200,2442,1,1,0,1
197,72,/orders/,id=72,http://localhost/orders/72,GET,403,60,0,1,0,0
190,149,/orders/,id=149,http://localhost/orders/149,GET,200,551,0,0,0,1
96,96,/api/users/,id=96,http://localhost/api/users/96,GET,200,2516,1,1,1,0
180,180,/account//settings,id=180,http://localhost/account/180/settings,GET,200,538,0,1,1,0
124,99,/api/users/,id=99,http://localhost/api/users/99,GET,200,2165,1,1,0,1
90,151,/api/users/,id=151,http://localhost/api/users/151,GET,200,1442,1,1,0,1
170,170,/user/profile,id=170,http://localhost/user/profile,POST,200,1400,1,1,1,0
80,80,/profile?id=,id=80,http://localhost/profile?id=80,POST,200,1312,1,1,1,0
69,33,/api/v1/accounts/,id=33,http://localhost/api/v1/accounts/33,GET,200,1353,1,0,0,1
186,186,/orders/,id=186,http://localhost/orders/186,GET,200,1194,1,1,1,0
134,134,/profile?id=,id=134,http://localhost/profile?id=134,GET,200,847,0,1,1,0
99,94,/api/v1/accounts/,id=94,http://localhost/api/v1/accounts/94,GET,403,96,0,1,0,0
44,195,/admin/user/,id=195,http://localhost/admin/user/195,GET,403,87,0,0,0,0
119,106,/user/profile,id=106,http://localhost/user/profile,GET,200,1626,0,1,0,1
119,162,/account//settings,id=162,http://localhost/account/162/settings,GET,200,1781,0,1,0,1
143,143,/user/profile,id=143,http://localhost/user/profile,GET,200,2182,0,1,1,0
126,126,/api/users/,id=126,http://localhost/api/users/126,POST,200,1865,0,1,1,0
52,97,/orders/,id=97,http://localhost/orders/97,GET,200,2796,1,1,0,1
139,139,/user/profile,id=139,http://localhost/user/profile,GET,404,199,0,1,1,0
148,1,/api/v1/accounts/,id=1,http://localhost/api/v1/accounts/1,GET,200,2054,1,0,0,1
88,88,/api/users/,id=88,http://localhost/api/users/88,GET,404,162,0,1,1,0
146,146,/orders/,id=146,http://localhost/orders/146,POST,200,1882,1,1,1,0
58,58,/admin/user/,id=58,http://localhost/admin/user/58,GET,200,1526,1,1,1,0
154,154,/api/v1/accounts/,id=154,http://localhost/api/v1/accounts/154,POST,200,2213,0,1,1,0
85,85,/api/users/,id=85,http://localhost/api/users/85,GET,200,2821,0,1,1,0
143,143,/account//settings,id=143,http://localhost/account/143/settings,GET,404,82,0,1,1,0
59,124,/admin/user/,id=124,http://localhost/admin/user/124,GET,404,62,0,0,0,0
13,13,/profile?id=,id=13,http://localhost/profile?id=13,POST,200,1225,0,1,1,0
141,141,/api/v1/accounts/,id=141,http://localhost/api/v1/accounts/141,GET,404,148,1,1,1,0
68,68,/user/profile,id=68,http://localhost/user/profile,GET,200,1915,0,1,1,0
165,165,/api/v1/accounts/,id=165,http://localhost/api/v1/accounts/165,GET,200,1510,0,1,1,0
56,34,/admin/user/,id=34,http://localhost/admin/user/34,GET,404,111,0,0,0,0
46,46,/user/profile,id=46,http://localhost/user/profile,POST,200,1516,0,1,1,0
126,126,/api/v1/accounts/,id=126,http://localhost/api/v1/accounts/126,POST,200,1942,1,1,1,0
139,139,/documents//view,id=139,http://localhost/documents/139/view,GET,200,605,1,1,1,0
31,179,/api/v1/accounts/,id=179,http://localhost/api/v1/accounts/179,GET,200,434,1,0,0,1
118,118,/api/users/,id=118,http://localhost/api/users/118,GET,200,2848,0,1,1,0
152,153,/api/v1/accounts/,id=153,http://localhost/api/v1/accounts/153,GET,200,2710,1,1,0,1
96,89,/api/v1/accounts/,id=89,http://localhost/api/v1/accounts/89,GET,404,178,0,0,0,0
187,98,/orders/,id=98,http://localhost/orders/98,GET,200,2746,1,0,0,1
25,25,/account//settings,id=25,http://localhost/account/25/settings,GET,200,1516,1,1,1,0
153,153,/api/users/,id=153,http://localhost/api/users/153,GET,200,1041,1,1,1,0
88,88,/account//settings,id=88,http://localhost/account/88/settings,GET,200,1807,0,1,1,0
171,100,/documents//view,id=100,http://localhost/documents/100/view,GET,200,1750,1,1,0,1
192,192,/documents//view,id=192,http://localhost/documents/192/view,GET,200,2499,0,1,1,0
102,63,/user/profile,id=63,http://localhost/user/profile,GET,200,2780,0,1,0,1
76,76,/documents//view,id=76,http://localhost/documents/76/view,POST,200,2245,1,1,1,0
148,188,/admin/user/,id=188,http://localhost/admin/user/188,GET,200,1482,1,0,0,1
171,171,/profile?id=,id=171,http://localhost/profile?id=171,GET,200,2959,0,1,1,0
171,171,/user/profile,id=171,http://localhost/user/profile,POST,200,2738,1,1,1,0
93,28,/account//settings,id=28,http://localhost/account/28/settings,GET,200,2797,1,1,0,1
163,163,/account//settings,id=163,http://localhost/account/163/settings,POST,200,936,1,1,1,0
36,36,/api/v1/accounts/,id=36,http://localhost/api/v1/accounts/36,GET,200,2817,0,1,1,0
54,34,/api/users/,id=34,http://localhost/api/users/34,GET,404,78,0,0,0,0
138,138,/admin/user/,id=138,http://localhost/admin/user/138,POST,200,2488,0,1,1,0
118,195,/documents//view,id=195,http://localhost/documents/195/view,GET,200,1123,1,0,0,1
100,17,/documents//view,id=17,http://localhost/documents/17/view,GET,200,2240,1,0,0,1
56,187,/api/v1/accounts/,id=187,http://localhost/api/v1/accounts/187,GET,404,163,0,1,0,0
80,80,/admin/user/,id=80,http://localhost/admin/user/80,GET,404,86,0,1,1,0
47,47,/documents//view,id=47,http://localhost/documents/47/view,POST,200,808,0,1,1,0
93,144,/documents//view,id=144,http://localhost/documents/144/view,GET,200,2086,1,0,0,1
119,119,/documents//view,id=119,http://localhost/documents/119/view,GET,404,127,0,1,1,0
82,17,/orders/,id=17,http://localhost/orders/17,GET,404,118,0,1,0,0
67,67,/profile?id=,id=67,http://localhost/profile?id=67,GET,200,1838,0,1,1,0
157,14,/account//settings,id=14,http://localhost/account/14/settings,GET,200,2250,1,0,0,1
150,150,/api/users/,id=150,http://localhost/api/users/150,GET,200,913,0,1,1,0
90,174,/orders/,id=174,http://localhost/orders/174,GET,200,2605,1,0,0,1
12,12,/profile?id=,id=12,http://localhost/profile?id=12,GET,200,1472,0,1,1,0
146,146,/admin/user/,id=146,http://localhost/admin/user/146,GET,200,2120,0,1,1,0
180,180,/api/users/,id=180,http://localhost/api/users/180,GET,404,130,0,1,1,0
15,15,/user/profile,id=15,http://localhost/user/profile,POST,200,1190,0,1,1,0
135,135,/documents//view,id=135,http://localhost/documents/135/view,GET,200,2125,1,1,1,0
191,191,/api/v1/accounts/,id=191,http://localhost/api/v1/accounts/191,GET,200,1442,0,1,1,0
186,83,/orders/,id=83,http://localhost/orders/83,GET,200,1276,1,1,0,1
1,1,/documents//view,id=1,http://localhost/documents/1/view,GET,200,935,0,1,1,0
116,116,/api/v1/accounts/,id=116,http://localhost/api/v1/accounts/116,GET,200,517,0,1,1,0
40,78,/api/users/,id=78,http://localhost/api/users/78,GET,403,134,0,1,0,0
135,160,/documents//view,id=160,http://localhost/documents/160/view,GET,200,1304,1,0,0,1
84,84,/documents//view,id=84,http://localhost/documents/84/view,POST,200,550,0,1,1,0
151,6,/admin/user/,id=6,http://localhost/admin/user/6,GET,404,196,0,1,0,0
138,138,/api/users/,id=138,http://localhost/api/users/138,GET,200,1908,1,1,1,0
131,27,/profile?id=,id=27,http://localhost/profile?id=27,GET,200,838,0,1,0,1
190,190,/profile?id=,id=190,http://localhost/profile?id=190,GET,200,2450,0,1,1,0
37,185,/api/v1/accounts/,id=185,http://localhost/api/v1/accounts/185,GET,200,956,1,0,0,1
142,142,/documents//view,id=142,http://localhost/documents/142/view,POST,200,1108,0,1,1,0
183,183,/orders/,id=183,http://localhost/orders/183,GET,200,700,0,1,1,0
114,189,/user/profile,id=189,http://localhost/user/profile,GET,404,98,0,0,0,0
156,156,/orders/,id=156,http://localhost/orders/156,POST,200,723,0,1,1,0
141,103,/documents//view,id=103,http://localhost/documents/103/view,GET,200,2455,1,1,0,1
129,76,/admin/user/,id=76,http://localhost/admin/user/76,GET,200,2502,0,1,0,1
5,5,/documents//view,id=5,http://localhost/documents/5/view,GET,200,2747,0,1,1,0
77,77,/orders/,id=77,http://localhost/orders/77,GET,200,1161,0,1,1,0
125,125,/admin/user/,id=125,http://localhost/admin/user/125,GET,404,167,1,1,1,0
72,72,/orders/,id=72,http://localhost/orders/72,GET,404,97,0,1,1,0
125,8,/api/users/,id=8,http://localhost/api/users/8,GET,200,1839,1,1,0,1
138,138,/documents//view,id=138,http://localhost/documents/138/view,GET,200,2263,0,1,1,0
39,4,/api/v1/accounts/,id=4,http://localhost/api/v1/accounts/4,GET,200,2121,1,1,0,1
156,156,/admin/user/,id=156,http://localhost/admin/user/156,POST,200,2428,0,1,1,0
185,70,/orders/,id=70,http://localhost/orders/70,GET,200,1960,1,0,0,1
70,70,/api/v1/accounts/,id=70,http://localhost/api/v1/accounts/70,POST,404,60,0,1,1,0
5,75,/profile?id=,id=75,http://localhost/profile?id=75,GET,200,1959,1,0,0,1
106,88,/account//settings,id=88,http://localhost/account/88/settings,GET,403,77,0,0,0,0
100,100,/profile?id=,id=100,http://localhost/profile?id=100,GET,200,1617,0,1,1,0
60,60,/user/profile,id=60,http://localhost/user/profile,GET,200,1220,0,1,1,0
109,109,/account//settings,id=109,http://localhost/account/109/settings,POST,404,148,1,1,1,0
159,159,/orders/,id=159,http://localhost/orders/159,POST,200,2313,1,1,1,0
119,198,/orders/,id=198,http://localhost/orders/198,GET,200,1193,1,0,0,1
194,147,/account//settings,id=147,http://localhost/account/147/settings,GET,404,136,0,0,0,0
5,199,/api/v1/accounts/,id=199,http://localhost/api/v1/accounts/199,GET,404,60,0,0,0,0
29,172,/profile?id=,id=172,http://localhost/profile?id=172,GET,200,1826,1,0,0,1
80,177,/admin/user/,id=177,http://localhost/admin/user/177,GET,403,106,0,1,0,0
